Site,Parameter,Date (LT),Year,Month,Day,Hour,Value,Unit,Duration,QC Name
Hanoi,PM2.5 - Principal,2015-12-09 05:00 AM,2015,12,09,05,0.0,UG/M3,1 Hr,Invalid
Hanoi,PM2.5 - Principal,2015-12-09 06:00 AM,2015,12,09,06,0.0,UG/M3,1 Hr,Invalid
Hanoi,PM2.5 - Principal,2015-12-09 07:00 AM,2015,12,09,07,0.0,UG/M3,1 Hr,Invalid
Hanoi,PM2.5 - Principal,2015-12-09 08:00 AM,2015,12,09,08,0.0,UG/M3,1 Hr,Invalid
Hanoi,PM2.5 - Principal,2015-12-09 09:00 AM,2015,12,09,09,0.0,UG/M3,1 Hr,Invalid
Hanoi,PM2.5 - Principal,2015-12-09 10:00 AM,2015,12,09,10,0.0,UG/M3,1 Hr,Invalid
Hanoi,PM2.5 - Principal,2015-12-09 11:00 AM,2015,12,09,11,77.3,UG/M3,1 Hr,Suspect
Hanoi,PM2.5 - Principal,2015-12-09 12:00 PM,2015,12,09,12,0.0,UG/M3,1 Hr,Invalid
Hanoi,PM2.5 - Principal,2015-12-09 01:00 PM,2015,12,09,13,0.0,UG/M3,1 Hr,Invalid
Hanoi,PM2.5 - Principal,2015-12-09 02:00 PM,2015,12,09,14,90.0,UG/M3,1 Hr,Valid
Hanoi,PM2.5 - Principal,2015-12-09 03:00 PM,2015,12,09,15,89.8,UG/M3,1 Hr,Valid
Hanoi,PM2.5 - Principal,2015-12-09 04:00 PM,2015,12,09,16,85.6,UG/M3,1 Hr,Valid
Hanoi,PM2.5 - Principal,2015-12-09 05:00 PM,2015,12,09,17,77.3,UG/M3,1 Hr,Valid
Hanoi,PM2.5 - Principal,2015-12-09 06:00 PM,2015,12,09,18,85.1,UG/M3,1 Hr,Valid
Hanoi,PM2.5 - Principal,2015-12-09 07:00 PM,2015,12,09,19,89.8,UG/M3,1 Hr,Valid
Hanoi,PM2.5 - Principal,2015-12-09 08:00 PM,2015,12,09,20,110.6,UG/M3,1 Hr,Valid
Hanoi,PM2.5 - Principal,2015-12-09 09:00 PM,2015,12,09,21,100.4,UG/M3,1 Hr,Valid
Hanoi,PM2.5 - Principal,2015-12-09 10:00 PM,2015,12,09,22,86.5,UG/M3,1 Hr,Valid
Hanoi,PM2.5 - Principal,2015-12-09 11:00 PM,2015,12,09,23,76.2,UG/M3,1 Hr,Valid
Hanoi,PM2.5 - Principal,2015-12-10 12:00 AM,2015,12,10,00,83.4,UG/M3,1 Hr,Valid
Hanoi,PM2.5 - Principal,2015-12-10 01:00 AM,2015,12,10,01,120.5,UG/M3,1 Hr,Valid
Hanoi,PM2.5 - Principal,2015-12-10 02:00 AM,2015,12,10,02,108.1,UG/M3,1 Hr,Valid
Hanoi,PM2.5 - Principal,2015-12-10 03:00 AM,2015,12,10,03,62.4,UG/M3,1 Hr,Valid
Hanoi,PM2.5 - Principal,2015-12-10 04:00 AM,2015,12,10,04,49.6,UG/M3,1 Hr,Valid
Hanoi,PM2.5 - Principal,2015-12-10 05:00 AM,2015,12,10,05,42.2,UG/M3,1 Hr,Valid
Hanoi,PM2.5 - Principal,2015-12-10 06:00 AM,2015,12,10,06,47.8,UG/M3,1 Hr,Valid
Hanoi,PM2.5 - Principal,2015-12-10 07:00 AM,2015,12,10,07,43.6,UG/M3,1 Hr,Valid
Hanoi,PM2.5 - Principal,2015-12-10 08:00 AM,2015,12,10,08,36.0,UG/M3,1 Hr,Valid
Hanoi,PM2.5 - Principal,2015-12-10 09:00 AM,2015,12,10,09,36.1,UG/M3,1 Hr,Valid
Hanoi,PM2.5 - Principal,2015-12-10 10:00 AM,2015,12,10,10,39.3,UG/M3,1 Hr,Valid
Hanoi,PM2.5 - Principal,2015-12-10 11:00 AM,2015,12,10,11,46.8,UG/M3,1 Hr,Valid
Hanoi,PM2.5 - Principal,2015-12-10 12:00 PM,2015,12,10,12,42.0,UG/M3,1 Hr,Valid
Hanoi,PM2.5 - Principal,2015-12-10 01:00 PM,2015,12,10,13,42.9,UG/M3,1 Hr,Valid
Hanoi,PM2.5 - Principal,2015-12-10 02:00 PM,2015,12,10,14,40.8,UG/M3,1 Hr,Valid
Hanoi,PM2.5 - Principal,2015-12-10 03:00 PM,2015,12,10,15,37.1,UG/M3,1 Hr,Valid
Hanoi,PM2.5 - Principal,2015-12-10 04:00 PM,2015,12,10,16,40.9,UG/M3,1 Hr,Valid
Hanoi,PM2.5 - Principal,2015-12-10 05:00 PM,2015,12,10,17,39.9,UG/M3,1 Hr,Valid
Hanoi,PM2.5 - Principal,2015-12-10 06:00 PM,2015,12,10,18,38.2,UG/M3,1 Hr,Valid
Hanoi,PM2.5 - Principal,2015-12-10 07:00 PM,2015,12,10,19,45.0,UG/M3,1 Hr,Valid
Hanoi,PM2.5 - Principal,2015-12-10 08:00 PM,2015,12,10,20,45.5,UG/M3,1 Hr,Valid
Hanoi,PM2.5 - Principal,2015-12-10 09:00 PM,2015,12,10,21,59.0,UG/M3,1 Hr,Valid
Hanoi,PM2.5 - Principal,2015-12-10 10:00 PM,2015,12,10,22,59.8,UG/M3,1 Hr,Valid
Hanoi,PM2.5 - Principal,2015-12-10 11:00 PM,2015,12,10,23,56.0,UG/M3,1 Hr,Valid
Hanoi,PM2.5 - Principal,2015-12-11 12:00 AM,2015,12,11,00,58.0,UG/M3,1 Hr,Valid
Hanoi,PM2.5 - Principal,2015-12-11 01:00 AM,2015,12,11,01,60.3,UG/M3,1 Hr,Valid
Hanoi,PM2.5 - Principal,2015-12-11 02:00 AM,2015,12,11,02,68.1,UG/M3,1 Hr,Valid
Hanoi,PM2.5 - Principal,2015-12-11 03:00 AM,2015,12,11,03,70.2,UG/M3,1 Hr,Valid
Hanoi,PM2.5 - Principal,2015-12-11 04:00 AM,2015,12,11,04,53.0,UG/M3,1 Hr,Valid
Hanoi,PM2.5 - Principal,2015-12-11 05:00 AM,2015,12,11,05,53.3,UG/M3,1 Hr,Valid
Hanoi,PM2.5 - Principal,2015-12-11 06:00 AM,2015,12,11,06,38.1,UG/M3,1 Hr,Valid
Hanoi,PM2.5 - Principal,2015-12-11 07:00 AM,2015,12,11,07,42.5,UG/M3,1 Hr,Valid
Hanoi,PM2.5 - Principal,2015-12-11 08:00 AM,2015,12,11,08,56.9,UG/M3,1 Hr,Valid
Hanoi,PM2.5 - Principal,2015-12-11 09:00 AM,2015,12,11,09,55.8,UG/M3,1 Hr,Valid
Hanoi,PM2.5 - Principal,2015-12-11 10:00 AM,2015,12,11,10,51.1,UG/M3,1 Hr,Valid
Hanoi,PM2.5 - Principal,2015-12-11 11:00 AM,2015,12,11,11,54.1,UG/M3,1 Hr,Valid
Hanoi,PM2.5 - Principal,2015-12-11 12:00 PM,2015,12,11,12,58.7,UG/M3,1 Hr,Valid
Hanoi,PM2.5 - Principal,2015-12-11 01:00 PM,2015,12,11,13,53.3,UG/M3,1 Hr,Valid
Hanoi,PM2.5 - Principal,2015-12-11 02:00 PM,2015,12,11,14,61.9,UG/M3,1 Hr,Valid
Hanoi,PM2.5 - Principal,2015-12-11 03:00 PM,2015,12,11,15,61.0,UG/M3,1 Hr,Valid
Hanoi,PM2.5 - Principal,2015-12-11 04:00 PM,2015,12,11,16,63.3,UG/M3,1 Hr,Valid
Hanoi,PM2.5 - Principal,2015-12-11 05:00 PM,2015,12,11,17,71.1,UG/M3,1 Hr,Valid
Hanoi,PM2.5 - Principal,2015-12-11 06:00 PM,2015,12,11,18,76.0,UG/M3,1 Hr,Valid
Hanoi,PM2.5 - Principal,2015-12-11 07:00 PM,2015,12,11,19,78.1,UG/M3,1 Hr,Valid
Hanoi,PM2.5 - Principal,2015-12-11 08:00 PM,2015,12,11,20,81.7,UG/M3,1 Hr,Valid
Hanoi,PM2.5 - Principal,2015-12-11 09:00 PM,2015,12,11,21,75.0,UG/M3,1 Hr,Valid
Hanoi,PM2.5 - Principal,2015-12-11 10:00 PM,2015,12,11,22,77.6,UG/M3,1 Hr,Valid
Hanoi,PM2.5 - Principal,2015-12-11 11:00 PM,2015,12,11,23,93.7,UG/M3,1 Hr,Valid
Hanoi,PM2.5 - Principal,2015-12-12 12:00 AM,2015,12,12,00,87.1,UG/M3,1 Hr,Valid
Hanoi,PM2.5 - Principal,2015-12-12 01:00 AM,2015,12,12,01,91.4,UG/M3,1 Hr,Valid
Hanoi,PM2.5 - Principal,2015-12-12 02:00 AM,2015,12,12,02,78.2,UG/M3,1 Hr,Valid
Hanoi,PM2.5 - Principal,2015-12-12 03:00 AM,2015,12,12,03,85.3,UG/M3,1 Hr,Valid
Hanoi,PM2.5 - Principal,2015-12-12 04:00 AM,2015,12,12,04,93.6,UG/M3,1 Hr,Valid
Hanoi,PM2.5 - Principal,2015-12-12 05:00 AM,2015,12,12,05,109.6,UG/M3,1 Hr,Valid
Hanoi,PM2.5 - Principal,2015-12-12 06:00 AM,2015,12,12,06,102.7,UG/M3,1 Hr,Valid
Hanoi,PM2.5 - Principal,2015-12-12 07:00 AM,2015,12,12,07,122.0,UG/M3,1 Hr,Valid
Hanoi,PM2.5 - Principal,2015-12-12 08:00 AM,2015,12,12,08,122.2,UG/M3,1 Hr,Valid
Hanoi,PM2.5 - Principal,2015-12-12 09:00 AM,2015,12,12,09,104.0,UG/M3,1 Hr,Valid
Hanoi,PM2.5 - Principal,2015-12-12 10:00 AM,2015,12,12,10,104.3,UG/M3,1 Hr,Valid
Hanoi,PM2.5 - Principal,2015-12-12 11:00 AM,2015,12,12,11,111.9,UG/M3,1 Hr,Valid
Hanoi,PM2.5 - Principal,2015-12-12 12:00 PM,2015,12,12,12,111.6,UG/M3,1 Hr,Valid
Hanoi,PM2.5 - Principal,2015-12-12 01:00 PM,2015,12,12,13,126.3,UG/M3,1 Hr,Valid
Hanoi,PM2.5 - Principal,2015-12-12 02:00 PM,2015,12,12,14,112.0,UG/M3,1 Hr,Valid
Hanoi,PM2.5 - Principal,2015-12-12 03:00 PM,2015,12,12,15,136.4,UG/M3,1 Hr,Valid
Hanoi,PM2.5 - Principal,2015-12-12 04:00 PM,2015,12,12,16,124.1,UG/M3,1 Hr,Valid
Hanoi,PM2.5 - Principal,2015-12-12 05:00 PM,2015,12,12,17,127.0,UG/M3,1 Hr,Valid
Hanoi,PM2.5 - Principal,2015-12-12 06:00 PM,2015,12,12,18,127.1,UG/M3,1 Hr,Valid
Hanoi,PM2.5 - Principal,2015-12-12 07:00 PM,2015,12,12,19,133.3,UG/M3,1 Hr,Valid
Hanoi,PM2.5 - Principal,2015-12-12 08:00 PM,2015,12,12,20,164.5,UG/M3,1 Hr,Valid
Hanoi,PM2.5 - Principal,2015-12-12 09:00 PM,2015,12,12,21,152.8,UG/M3,1 Hr,Valid
Hanoi,PM2.5 - Principal,2015-12-12 10:00 PM,2015,12,12,22,125.9,UG/M3,1 Hr,Valid
Hanoi,PM2.5 - Principal,2015-12-12 11:00 PM,2015,12,12,23,123.9,UG/M3,1 Hr,Valid
Hanoi,PM2.5 - Principal,2015-12-13 12:00 AM,2015,12,13,00,121.7,UG/M3,1 Hr,Valid
Hanoi,PM2.5 - Principal,2015-12-13 01:00 AM,2015,12,13,01,115.0,UG/M3,1 Hr,Valid
Hanoi,PM2.5 - Principal,2015-12-13 02:00 AM,2015,12,13,02,116.4,UG/M3,1 Hr,Valid
Hanoi,PM2.5 - Principal,2015-12-13 03:00 AM,2015,12,13,03,102.3,UG/M3,1 Hr,Valid
Hanoi,PM2.5 - Principal,2015-12-13 04:00 AM,2015,12,13,04,85.5,UG/M3,1 Hr,Valid
Hanoi,PM2.5 - Principal,2015-12-13 05:00 AM,2015,12,13,05,75.2,UG/M3,1 Hr,Valid
Hanoi,PM2.5 - Principal,2015-12-13 06:00 AM,2015,12,13,06,81.0,UG/M3,1 Hr,Valid
Hanoi,PM2.5 - Principal,2015-12-13 07:00 AM,2015,12,13,07,82.1,UG/M3,1 Hr,Valid
Hanoi,PM2.5 - Principal,2015-12-13 08:00 AM,2015,12,13,08,84.8,UG/M3,1 Hr,Valid
Hanoi,PM2.5 - Principal,2015-12-13 09:00 AM,2015,12,13,09,83.0,UG/M3,1 Hr,Valid
Hanoi,PM2.5 - Principal,2015-12-13 10:00 AM,2015,12,13,10,107.1,UG/M3,1 Hr,Valid
Hanoi,PM2.5 - Principal,2015-12-13 11:00 AM,2015,12,13,11,110.6,UG/M3,1 Hr,Valid
Hanoi,PM2.5 - Principal,2015-12-13 12:00 PM,2015,12,13,12,99.6,UG/M3,1 Hr,Valid
Hanoi,PM2.5 - Principal,2015-12-13 01:00 PM,2015,12,13,13,58.9,UG/M3,1 Hr,Valid
Hanoi,PM2.5 - Principal,2015-12-13 02:00 PM,2015,12,13,14,56.0,UG/M3,1 Hr,Valid
Hanoi,PM2.5 - Principal,2015-12-13 03:00 PM,2015,12,13,15,59.0,UG/M3,1 Hr,Valid
Hanoi,PM2.5 - Principal,2015-12-13 04:00 PM,2015,12,13,16,61.3,UG/M3,1 Hr,Valid
Hanoi,PM2.5 - Principal,2015-12-13 05:00 PM,2015,12,13,17,70.8,UG/M3,1 Hr,Valid
Hanoi,PM2.5 - Principal,2015-12-13 06:00 PM,2015,12,13,18,66.2,UG/M3,1 Hr,Valid
Hanoi,PM2.5 - Principal,2015-12-13 07:00 PM,2015,12,13,19,75.9,UG/M3,1 Hr,Valid
Hanoi,PM2.5 - Principal,2015-12-13 08:00 PM,2015,12,13,20,104.3,UG/M3,1 Hr,Valid
Hanoi,PM2.5 - Principal,2015-12-13 09:00 PM,2015,12,13,21,113.9,UG/M3,1 Hr,Valid
Hanoi,PM2.5 - Principal,2015-12-13 10:00 PM,2015,12,13,22,83.5,UG/M3,1 Hr,Valid
Hanoi,PM2.5 - Principal,2015-12-13 11:00 PM,2015,12,13,23,70.5,UG/M3,1 Hr,Valid
Hanoi,PM2.5 - Principal,2015-12-14 12:00 AM,2015,12,14,00,56.6,UG/M3,1 Hr,Valid
Hanoi,PM2.5 - Principal,2015-12-14 01:00 AM,2015,12,14,01,46.9,UG/M3,1 Hr,Valid
Hanoi,PM2.5 - Principal,2015-12-14 02:00 AM,2015,12,14,02,45.3,UG/M3,1 Hr,Valid
Hanoi,PM2.5 - Principal,2015-12-14 03:00 AM,2015,12,14,03,56.7,UG/M3,1 Hr,Valid
Hanoi,PM2.5 - Principal,2015-12-14 04:00 AM,2015,12,14,04,78.0,UG/M3,1 Hr,Valid
Hanoi,PM2.5 - Principal,2015-12-14 05:00 AM,2015,12,14,05,46.4,UG/M3,1 Hr,Valid
Hanoi,PM2.5 - Principal,2015-12-14 06:00 AM,2015,12,14,06,29.6,UG/M3,1 Hr,Valid
Hanoi,PM2.5 - Principal,2015-12-14 07:00 AM,2015,12,14,07,20.0,UG/M3,1 Hr,Valid
Hanoi,PM2.5 - Principal,2015-12-14 08:00 AM,2015,12,14,08,22.1,UG/M3,1 Hr,Valid
Hanoi,PM2.5 - Principal,2015-12-14 09:00 AM,2015,12,14,09,26.0,UG/M3,1 Hr,Valid
Hanoi,PM2.5 - Principal,2015-12-14 10:00 AM,2015,12,14,10,29.0,UG/M3,1 Hr,Valid
Hanoi,PM2.5 - Principal,2015-12-14 11:00 AM,2015,12,14,11,28.9,UG/M3,1 Hr,Valid
Hanoi,PM2.5 - Principal,2015-12-14 12:00 PM,2015,12,14,12,28.0,UG/M3,1 Hr,Valid
Hanoi,PM2.5 - Principal,2015-12-14 01:00 PM,2015,12,14,13,28.4,UG/M3,1 Hr,Valid
Hanoi,PM2.5 - Principal,2015-12-14 02:00 PM,2015,12,14,14,40.9,UG/M3,1 Hr,Valid
Hanoi,PM2.5 - Principal,2015-12-14 03:00 PM,2015,12,14,15,39.3,UG/M3,1 Hr,Valid
Hanoi,PM2.5 - Principal,2015-12-14 04:00 PM,2015,12,14,16,49.2,UG/M3,1 Hr,Valid
Hanoi,PM2.5 - Principal,2015-12-14 05:00 PM,2015,12,14,17,55.8,UG/M3,1 Hr,Valid
Hanoi,PM2.5 - Principal,2015-12-14 06:00 PM,2015,12,14,18,51.0,UG/M3,1 Hr,Valid
Hanoi,PM2.5 - Principal,2015-12-14 07:00 PM,2015,12,14,19,52.1,UG/M3,1 Hr,Valid
Hanoi,PM2.5 - Principal,2015-12-14 08:00 PM,2015,12,14,20,56.0,UG/M3,1 Hr,Valid
Hanoi,PM2.5 - Principal,2015-12-14 09:00 PM,2015,12,14,21,55.7,UG/M3,1 Hr,Valid
Hanoi,PM2.5 - Principal,2015-12-14 10:00 PM,2015,12,14,22,48.8,UG/M3,1 Hr,Valid
Hanoi,PM2.5 - Principal,2015-12-14 11:00 PM,2015,12,14,23,44.2,UG/M3,1 Hr,Valid
Hanoi,PM2.5 - Principal,2015-12-15 12:00 AM,2015,12,15,00,52.8,UG/M3,1 Hr,Valid
Hanoi,PM2.5 - Principal,2015-12-15 01:00 AM,2015,12,15,01,47.9,UG/M3,1 Hr,Valid
Hanoi,PM2.5 - Principal,2015-12-15 02:00 AM,2015,12,15,02,44.9,UG/M3,1 Hr,Valid
Hanoi,PM2.5 - Principal,2015-12-15 03:00 AM,2015,12,15,03,44.0,UG/M3,1 Hr,Valid
Hanoi,PM2.5 - Principal,2015-12-15 04:00 AM,2015,12,15,04,44.8,UG/M3,1 Hr,Valid
Hanoi,PM2.5 - Principal,2015-12-15 05:00 AM,2015,12,15,05,41.0,UG/M3,1 Hr,Valid
Hanoi,PM2.5 - Principal,2015-12-15 06:00 AM,2015,12,15,06,43.4,UG/M3,1 Hr,Valid
Hanoi,PM2.5 - Principal,2015-12-15 07:00 AM,2015,12,15,07,58.0,UG/M3,1 Hr,Valid
Hanoi,PM2.5 - Principal,2015-12-15 08:00 AM,2015,12,15,08,58.8,UG/M3,1 Hr,Valid
Hanoi,PM2.5 - Principal,2015-12-15 09:00 AM,2015,12,15,09,53.0,UG/M3,1 Hr,Valid
Hanoi,PM2.5 - Principal,2015-12-15 10:00 AM,2015,12,15,10,55.6,UG/M3,1 Hr,Valid
Hanoi,PM2.5 - Principal,2015-12-15 11:00 AM,2015,12,15,11,43.8,UG/M3,1 Hr,Valid
Hanoi,PM2.5 - Principal,2015-12-15 12:00 PM,2015,12,15,12,39.8,UG/M3,1 Hr,Valid
Hanoi,PM2.5 - Principal,2015-12-15 01:00 PM,2015,12,15,13,36.1,UG/M3,1 Hr,Valid
Hanoi,PM2.5 - Principal,2015-12-15 02:00 PM,2015,12,15,14,40.5,UG/M3,1 Hr,Valid
Hanoi,PM2.5 - Principal,2015-12-15 03:00 PM,2015,12,15,15,27.0,UG/M3,1 Hr,Valid
Hanoi,PM2.5 - Principal,2015-12-15 04:00 PM,2015,12,15,16,28.0,UG/M3,1 Hr,Valid
Hanoi,PM2.5 - Principal,2015-12-15 05:00 PM,2015,12,15,17,30.3,UG/M3,1 Hr,Valid
Hanoi,PM2.5 - Principal,2015-12-15 06:00 PM,2015,12,15,18,40.8,UG/M3,1 Hr,Valid
Hanoi,PM2.5 - Principal,2015-12-15 07:00 PM,2015,12,15,19,36.8,UG/M3,1 Hr,Valid
Hanoi,PM2.5 - Principal,2015-12-15 08:00 PM,2015,12,15,20,32.1,UG/M3,1 Hr,Valid
Hanoi,PM2.5 - Principal,2015-12-15 09:00 PM,2015,12,15,21,38.0,UG/M3,1 Hr,Valid
Hanoi,PM2.5 - Principal,2015-12-15 10:00 PM,2015,12,15,22,37.8,UG/M3,1 Hr,Valid
Hanoi,PM2.5 - Principal,2015-12-15 11:00 PM,2015,12,15,23,33.7,UG/M3,1 Hr,Valid
Hanoi,PM2.5 - Principal,2015-12-16 12:00 AM,2015,12,16,00,25.1,UG/M3,1 Hr,Valid
Hanoi,PM2.5 - Principal,2015-12-16 01:00 AM,2015,12,16,01,29.0,UG/M3,1 Hr,Valid
Hanoi,PM2.5 - Principal,2015-12-16 02:00 AM,2015,12,16,02,28.9,UG/M3,1 Hr,Valid
Hanoi,PM2.5 - Principal,2015-12-16 03:00 AM,2015,12,16,03,27.0,UG/M3,1 Hr,Valid
Hanoi,PM2.5 - Principal,2015-12-16 04:00 AM,2015,12,16,04,27.8,UG/M3,1 Hr,Valid
Hanoi,PM2.5 - Principal,2015-12-16 05:00 AM,2015,12,16,05,24.0,UG/M3,1 Hr,Valid
Hanoi,PM2.5 - Principal,2015-12-16 06:00 AM,2015,12,16,06,25.0,UG/M3,1 Hr,Valid
Hanoi,PM2.5 - Principal,2015-12-16 07:00 AM,2015,12,16,07,25.0,UG/M3,1 Hr,Valid
Hanoi,PM2.5 - Principal,2015-12-16 08:00 AM,2015,12,16,08,26.3,UG/M3,1 Hr,Valid
Hanoi,PM2.5 - Principal,2015-12-16 09:00 AM,2015,12,16,09,36.0,UG/M3,1 Hr,Valid
Hanoi,PM2.5 - Principal,2015-12-16 10:00 AM,2015,12,16,10,38.9,UG/M3,1 Hr,Valid
Hanoi,PM2.5 - Principal,2015-12-16 11:00 AM,2015,12,16,11,37.9,UG/M3,1 Hr,Valid
Hanoi,PM2.5 - Principal,2015-12-16 12:00 PM,2015,12,16,12,36.2,UG/M3,1 Hr,Valid
Hanoi,PM2.5 - Principal,2015-12-16 01:00 PM,2015,12,16,13,42.8,UG/M3,1 Hr,Valid
Hanoi,PM2.5 - Principal,2015-12-16 02:00 PM,2015,12,16,14,36.9,UG/M3,1 Hr,Valid
Hanoi,PM2.5 - Principal,2015-12-16 03:00 PM,2015,12,16,15,35.0,UG/M3,1 Hr,Valid
Hanoi,PM2.5 - Principal,2015-12-16 04:00 PM,2015,12,16,16,35.0,UG/M3,1 Hr,Valid
Hanoi,PM2.5 - Principal,2015-12-16 05:00 PM,2015,12,16,17,37.0,UG/M3,1 Hr,Valid
Hanoi,PM2.5 - Principal,2015-12-16 06:00 PM,2015,12,16,18,38.1,UG/M3,1 Hr,Valid
Hanoi,PM2.5 - Principal,2015-12-16 07:00 PM,2015,12,16,19,41.7,UG/M3,1 Hr,Valid
Hanoi,PM2.5 - Principal,2015-12-16 08:00 PM,2015,12,16,20,35.0,UG/M3,1 Hr,Valid
Hanoi,PM2.5 - Principal,2015-12-16 09:00 PM,2015,12,16,21,35.8,UG/M3,1 Hr,Valid
Hanoi,PM2.5 - Principal,2015-12-16 10:00 PM,2015,12,16,22,31.1,UG/M3,1 Hr,Valid
Hanoi,PM2.5 - Principal,2015-12-16 11:00 PM,2015,12,16,23,35.0,UG/M3,1 Hr,Valid
Hanoi,PM2.5 - Principal,2015-12-17 12:00 AM,2015,12,17,00,36.0,UG/M3,1 Hr,Valid
Hanoi,PM2.5 - Principal,2015-12-17 01:00 AM,2015,12,17,01,38.8,UG/M3,1 Hr,Valid
Hanoi,PM2.5 - Principal,2015-12-17 02:00 AM,2015,12,17,02,34.0,UG/M3,1 Hr,Valid
Hanoi,PM2.5 - Principal,2015-12-17 03:00 AM,2015,12,17,03,34.8,UG/M3,1 Hr,Valid
Hanoi,PM2.5 - Principal,2015-12-17 04:00 AM,2015,12,17,04,29.1,UG/M3,1 Hr,Valid
Hanoi,PM2.5 - Principal,2015-12-17 05:00 AM,2015,12,17,05,32.9,UG/M3,1 Hr,Valid
Hanoi,PM2.5 - Principal,2015-12-17 06:00 AM,2015,12,17,06,30.0,UG/M3,1 Hr,Valid
Hanoi,PM2.5 - Principal,2015-12-17 07:00 AM,2015,12,17,07,30.9,UG/M3,1 Hr,Valid
Hanoi,PM2.5 - Principal,2015-12-17 08:00 AM,2015,12,17,08,29.1,UG/M3,1 Hr,Valid
Hanoi,PM2.5 - Principal,2015-12-17 09:00 AM,2015,12,17,09,32.9,UG/M3,1 Hr,Valid
Hanoi,PM2.5 - Principal,2015-12-17 10:00 AM,2015,12,17,10,31.9,UG/M3,1 Hr,Valid
Hanoi,PM2.5 - Principal,2015-12-17 11:00 AM,2015,12,17,11,29.1,UG/M3,1 Hr,Valid
Hanoi,PM2.5 - Principal,2015-12-17 12:00 PM,2015,12,17,12,31.9,UG/M3,1 Hr,Valid
Hanoi,PM2.5 - Principal,2015-12-17 01:00 PM,2015,12,17,13,30.1,UG/M3,1 Hr,Valid
Hanoi,PM2.5 - Principal,2015-12-17 02:00 PM,2015,12,17,14,34.0,UG/M3,1 Hr,Valid
Hanoi,PM2.5 - Principal,2015-12-17 03:00 PM,2015,12,17,15,33.9,UG/M3,1 Hr,Valid
Hanoi,PM2.5 - Principal,2015-12-17 04:00 PM,2015,12,17,16,32.9,UG/M3,1 Hr,Valid
Hanoi,PM2.5 - Principal,2015-12-17 05:00 PM,2015,12,17,17,31.1,UG/M3,1 Hr,Valid
Hanoi,PM2.5 - Principal,2015-12-17 06:00 PM,2015,12,17,18,37.2,UG/M3,1 Hr,Valid
Hanoi,PM2.5 - Principal,2015-12-17 07:00 PM,2015,12,17,19,43.1,UG/M3,1 Hr,Valid
Hanoi,PM2.5 - Principal,2015-12-17 08:00 PM,2015,12,17,20,47.3,UG/M3,1 Hr,Valid
Hanoi,PM2.5 - Principal,2015-12-17 09:00 PM,2015,12,17,21,58.0,UG/M3,1 Hr,Valid
Hanoi,PM2.5 - Principal,2015-12-17 10:00 PM,2015,12,17,22,60.4,UG/M3,1 Hr,Valid
Hanoi,PM2.5 - Principal,2015-12-17 11:00 PM,2015,12,17,23,74.3,UG/M3,1 Hr,Valid
Hanoi,PM2.5 - Principal,2015-12-18 12:00 AM,2015,12,18,00,82.6,UG/M3,1 Hr,Valid
Hanoi,PM2.5 - Principal,2015-12-18 01:00 AM,2015,12,18,01,70.8,UG/M3,1 Hr,Valid
Hanoi,PM2.5 - Principal,2015-12-18 02:00 AM,2015,12,18,02,64.7,UG/M3,1 Hr,Valid
Hanoi,PM2.5 - Principal,2015-12-18 03:00 AM,2015,12,18,03,58.0,UG/M3,1 Hr,Valid
Hanoi,PM2.5 - Principal,2015-12-18 04:00 AM,2015,12,18,04,60.9,UG/M3,1 Hr,Valid
Hanoi,PM2.5 - Principal,2015-12-18 05:00 AM,2015,12,18,05,89.4,UG/M3,1 Hr,Valid
Hanoi,PM2.5 - Principal,2015-12-18 06:00 AM,2015,12,18,06,104.4,UG/M3,1 Hr,Valid
Hanoi,PM2.5 - Principal,2015-12-18 07:00 AM,2015,12,18,07,116.9,UG/M3,1 Hr,Valid
Hanoi,PM2.5 - Principal,2015-12-18 08:00 AM,2015,12,18,08,86.7,UG/M3,1 Hr,Valid
Hanoi,PM2.5 - Principal,2015-12-18 09:00 AM,2015,12,18,09,80.5,UG/M3,1 Hr,Valid
Hanoi,PM2.5 - Principal,2015-12-18 10:00 AM,2015,12,18,10,68.8,UG/M3,1 Hr,Valid
Hanoi,PM2.5 - Principal,2015-12-18 11:00 AM,2015,12,18,11,63.8,UG/M3,1 Hr,Valid
Hanoi,PM2.5 - Principal,2015-12-18 12:00 PM,2015,12,18,12,59.3,UG/M3,1 Hr,Valid
Hanoi,PM2.5 - Principal,2015-12-18 01:00 PM,2015,12,18,13,69.9,UG/M3,1 Hr,Valid
Hanoi,PM2.5 - Principal,2015-12-18 02:00 PM,2015,12,18,14,68.8,UG/M3,1 Hr,Valid
Hanoi,PM2.5 - Principal,2015-12-18 03:00 PM,2015,12,18,15,64.8,UG/M3,1 Hr,Valid
Hanoi,PM2.5 - Principal,2015-12-18 04:00 PM,2015,12,18,16,60.1,UG/M3,1 Hr,Valid
Hanoi,PM2.5 - Principal,2015-12-18 05:00 PM,2015,12,18,17,63.9,UG/M3,1 Hr,Valid
Hanoi,PM2.5 - Principal,2015-12-18 06:00 PM,2015,12,18,18,62.2,UG/M3,1 Hr,Valid
Hanoi,PM2.5 - Principal,2015-12-18 07:00 PM,2015,12,18,19,68.4,UG/M3,1 Hr,Valid
Hanoi,PM2.5 - Principal,2015-12-18 08:00 PM,2015,12,18,20,80.1,UG/M3,1 Hr,Valid
Hanoi,PM2.5 - Principal,2015-12-18 09:00 PM,2015,12,18,21,84.0,UG/M3,1 Hr,Valid
Hanoi,PM2.5 - Principal,2015-12-18 10:00 PM,2015,12,18,22,84.6,UG/M3,1 Hr,Valid
Hanoi,PM2.5 - Principal,2015-12-18 11:00 PM,2015,12,18,23,75.8,UG/M3,1 Hr,Valid
Hanoi,PM2.5 - Principal,2015-12-19 12:00 AM,2015,12,19,00,71.0,UG/M3,1 Hr,Valid
Hanoi,PM2.5 - Principal,2015-12-19 01:00 AM,2015,12,19,01,71.4,UG/M3,1 Hr,Valid
Hanoi,PM2.5 - Principal,2015-12-19 02:00 AM,2015,12,19,02,84.0,UG/M3,1 Hr,Valid
Hanoi,PM2.5 - Principal,2015-12-19 03:00 AM,2015,12,19,03,113.0,UG/M3,1 Hr,Valid
Hanoi,PM2.5 - Principal,2015-12-19 04:00 AM,2015,12,19,04,112.7,UG/M3,1 Hr,Valid
Hanoi,PM2.5 - Principal,2015-12-19 05:00 AM,2015,12,19,05,105.0,UG/M3,1 Hr,Valid
Hanoi,PM2.5 - Principal,2015-12-19 06:00 AM,2015,12,19,06,105.0,UG/M3,1 Hr,Valid
Hanoi,PM2.5 - Principal,2015-12-19 07:00 AM,2015,12,19,07,105.0,UG/M3,1 Hr,Valid
Hanoi,PM2.5 - Principal,2015-12-19 08:00 AM,2015,12,19,08,104.8,UG/M3,1 Hr,Valid
Hanoi,PM2.5 - Principal,2015-12-19 09:00 AM,2015,12,19,09,100.9,UG/M3,1 Hr,Valid
Hanoi,PM2.5 - Principal,2015-12-19 10:00 AM,2015,12,19,10,99.7,UG/M3,1 Hr,Valid
Hanoi,PM2.5 - Principal,2015-12-19 11:00 AM,2015,12,19,11,92.4,UG/M3,1 Hr,Valid
Hanoi,PM2.5 - Principal,2015-12-19 12:00 PM,2015,12,19,12,77.5,UG/M3,1 Hr,Valid
Hanoi,PM2.5 - Principal,2015-12-19 01:00 PM,2015,12,19,13,64.8,UG/M3,1 Hr,Valid
Hanoi,PM2.5 - Principal,2015-12-19 02:00 PM,2015,12,19,14,62.0,UG/M3,1 Hr,Valid
Hanoi,PM2.5 - Principal,2015-12-19 03:00 PM,2015,12,19,15,61.8,UG/M3,1 Hr,Valid
Hanoi,PM2.5 - Principal,2015-12-19 04:00 PM,2015,12,19,16,58.3,UG/M3,1 Hr,Valid
Hanoi,PM2.5 - Principal,2015-12-19 05:00 PM,2015,12,19,17,69.1,UG/M3,1 Hr,Valid
Hanoi,PM2.5 - Principal,2015-12-19 06:00 PM,2015,12,19,18,73.5,UG/M3,1 Hr,Valid
Hanoi,PM2.5 - Principal,2015-12-19 07:00 PM,2015,12,19,19,88.6,UG/M3,1 Hr,Valid
Hanoi,PM2.5 - Principal,2015-12-19 08:00 PM,2015,12,19,20,106.5,UG/M3,1 Hr,Valid
Hanoi,PM2.5 - Principal,2015-12-19 09:00 PM,2015,12,19,21,122.3,UG/M3,1 Hr,Valid
Hanoi,PM2.5 - Principal,2015-12-19 10:00 PM,2015,12,19,22,103.2,UG/M3,1 Hr,Valid
Hanoi,PM2.5 - Principal,2015-12-19 11:00 PM,2015,12,19,23,110.7,UG/M3,1 Hr,Valid
Hanoi,PM2.5 - Principal,2015-12-20 12:00 AM,2015,12,20,00,105.3,UG/M3,1 Hr,Valid
Hanoi,PM2.5 - Principal,2015-12-20 01:00 AM,2015,12,20,01,115.8,UG/M3,1 Hr,Valid
Hanoi,PM2.5 - Principal,2015-12-20 02:00 AM,2015,12,20,02,111.7,UG/M3,1 Hr,Valid
Hanoi,PM2.5 - Principal,2015-12-20 03:00 AM,2015,12,20,03,106.2,UG/M3,1 Hr,Valid
Hanoi,PM2.5 - Principal,2015-12-20 04:00 AM,2015,12,20,04,112.1,UG/M3,1 Hr,Valid
Hanoi,PM2.5 - Principal,2015-12-20 05:00 AM,2015,12,20,05,87.0,UG/M3,1 Hr,Valid
Hanoi,PM2.5 - Principal,2015-12-20 06:00 AM,2015,12,20,06,89.7,UG/M3,1 Hr,Valid
Hanoi,PM2.5 - Principal,2015-12-20 07:00 AM,2015,12,20,07,112.1,UG/M3,1 Hr,Valid
Hanoi,PM2.5 - Principal,2015-12-20 08:00 AM,2015,12,20,08,116.4,UG/M3,1 Hr,Valid
Hanoi,PM2.5 - Principal,2015-12-20 09:00 AM,2015,12,20,09,129.2,UG/M3,1 Hr,Valid
Hanoi,PM2.5 - Principal,2015-12-20 10:00 AM,2015,12,20,10,135.8,UG/M3,1 Hr,Valid
Hanoi,PM2.5 - Principal,2015-12-20 11:00 AM,2015,12,20,11,103.7,UG/M3,1 Hr,Valid
Hanoi,PM2.5 - Principal,2015-12-20 12:00 PM,2015,12,20,12,95.8,UG/M3,1 Hr,Valid
Hanoi,PM2.5 - Principal,2015-12-20 01:00 PM,2015,12,20,13,90.6,UG/M3,1 Hr,Valid
Hanoi,PM2.5 - Principal,2015-12-20 02:00 PM,2015,12,20,14,81.0,UG/M3,1 Hr,Valid
Hanoi,PM2.5 - Principal,2015-12-20 03:00 PM,2015,12,20,15,81.9,UG/M3,1 Hr,Valid
Hanoi,PM2.5 - Principal,2015-12-20 04:00 PM,2015,12,20,16,81.1,UG/M3,1 Hr,Valid
Hanoi,PM2.5 - Principal,2015-12-20 05:00 PM,2015,12,20,17,85.3,UG/M3,1 Hr,Valid
Hanoi,PM2.5 - Principal,2015-12-20 06:00 PM,2015,12,20,18,96.6,UG/M3,1 Hr,Valid
Hanoi,PM2.5 - Principal,2015-12-20 07:00 PM,2015,12,20,19,115.7,UG/M3,1 Hr,Valid
Hanoi,PM2.5 - Principal,2015-12-20 08:00 PM,2015,12,20,20,139.0,UG/M3,1 Hr,Valid
Hanoi,PM2.5 - Principal,2015-12-20 09:00 PM,2015,12,20,21,169.8,UG/M3,1 Hr,Valid
Hanoi,PM2.5 - Principal,2015-12-20 10:00 PM,2015,12,20,22,165.0,UG/M3,1 Hr,Valid
Hanoi,PM2.5 - Principal,2015-12-20 11:00 PM,2015,12,20,23,166.3,UG/M3,1 Hr,Valid
Hanoi,PM2.5 - Principal,2015-12-21 12:00 AM,2015,12,21,00,175.6,UG/M3,1 Hr,Valid
Hanoi,PM2.5 - Principal,2015-12-21 01:00 AM,2015,12,21,01,166.1,UG/M3,1 Hr,Valid
Hanoi,PM2.5 - Principal,2015-12-21 02:00 AM,2015,12,21,02,169.2,UG/M3,1 Hr,Valid
Hanoi,PM2.5 - Principal,2015-12-21 03:00 AM,2015,12,21,03,176.1,UG/M3,1 Hr,Valid
Hanoi,PM2.5 - Principal,2015-12-21 04:00 AM,2015,12,21,04,179.0,UG/M3,1 Hr,Valid
Hanoi,PM2.5 - Principal,2015-12-21 05:00 AM,2015,12,21,05,182.5,UG/M3,1 Hr,Valid
Hanoi,PM2.5 - Principal,2015-12-21 06:00 AM,2015,12,21,06,252.8,UG/M3,1 Hr,Valid
Hanoi,PM2.5 - Principal,2015-12-21 07:00 AM,2015,12,21,07,274.6,UG/M3,1 Hr,Valid
Hanoi,PM2.5 - Principal,2015-12-21 08:00 AM,2015,12,21,08,206.4,UG/M3,1 Hr,Valid
Hanoi,PM2.5 - Principal,2015-12-21 09:00 AM,2015,12,21,09,192.5,UG/M3,1 Hr,Valid
Hanoi,PM2.5 - Principal,2015-12-21 10:00 AM,2015,12,21,10,205.2,UG/M3,1 Hr,Valid
Hanoi,PM2.5 - Principal,2015-12-21 11:00 AM,2015,12,21,11,156.9,UG/M3,1 Hr,Valid
Hanoi,PM2.5 - Principal,2015-12-21 12:00 PM,2015,12,21,12,127.6,UG/M3,1 Hr,Valid
Hanoi,PM2.5 - Principal,2015-12-21 01:00 PM,2015,12,21,13,118.1,UG/M3,1 Hr,Valid
Hanoi,PM2.5 - Principal,2015-12-21 02:00 PM,2015,12,21,14,121.7,UG/M3,1 Hr,Valid
Hanoi,PM2.5 - Principal,2015-12-21 03:00 PM,2015,12,21,15,114.9,UG/M3,1 Hr,Valid
Hanoi,PM2.5 - Principal,2015-12-21 04:00 PM,2015,12,21,16,114.4,UG/M3,1 Hr,Valid
Hanoi,PM2.5 - Principal,2015-12-21 05:00 PM,2015,12,21,17,128.1,UG/M3,1 Hr,Valid
Hanoi,PM2.5 - Principal,2015-12-21 06:00 PM,2015,12,21,18,132.7,UG/M3,1 Hr,Valid
Hanoi,PM2.5 - Principal,2015-12-21 07:00 PM,2015,12,21,19,152.6,UG/M3,1 Hr,Valid
Hanoi,PM2.5 - Principal,2015-12-21 08:00 PM,2015,12,21,20,171.0,UG/M3,1 Hr,Valid
Hanoi,PM2.5 - Principal,2015-12-21 09:00 PM,2015,12,21,21,199.3,UG/M3,1 Hr,Valid
Hanoi,PM2.5 - Principal,2015-12-21 10:00 PM,2015,12,21,22,180.6,UG/M3,1 Hr,Valid
Hanoi,PM2.5 - Principal,2015-12-21 11:00 PM,2015,12,21,23,143.6,UG/M3,1 Hr,Valid
Hanoi,PM2.5 - Principal,2015-12-22 12:00 AM,2015,12,22,00,133.2,UG/M3,1 Hr,Valid
Hanoi,PM2.5 - Principal,2015-12-22 01:00 AM,2015,12,22,01,111.8,UG/M3,1 Hr,Valid
Hanoi,PM2.5 - Principal,2015-12-22 02:00 AM,2015,12,22,02,108.5,UG/M3,1 Hr,Valid
Hanoi,PM2.5 - Principal,2015-12-22 03:00 AM,2015,12,22,03,123.9,UG/M3,1 Hr,Valid
Hanoi,PM2.5 - Principal,2015-12-22 04:00 AM,2015,12,22,04,124.4,UG/M3,1 Hr,Valid
Hanoi,PM2.5 - Principal,2015-12-22 05:00 AM,2015,12,22,05,164.3,UG/M3,1 Hr,Valid
Hanoi,PM2.5 - Principal,2015-12-22 06:00 AM,2015,12,22,06,173.1,UG/M3,1 Hr,Valid
Hanoi,PM2.5 - Principal,2015-12-22 07:00 AM,2015,12,22,07,149.9,UG/M3,1 Hr,Valid
Hanoi,PM2.5 - Principal,2015-12-22 08:00 AM,2015,12,22,08,148.9,UG/M3,1 Hr,Valid
Hanoi,PM2.5 - Principal,2015-12-22 09:00 AM,2015,12,22,09,146.9,UG/M3,1 Hr,Valid
Hanoi,PM2.5 - Principal,2015-12-22 10:00 AM,2015,12,22,10,145.2,UG/M3,1 Hr,Valid
Hanoi,PM2.5 - Principal,2015-12-22 11:00 AM,2015,12,22,11,151.9,UG/M3,1 Hr,Valid
Hanoi,PM2.5 - Principal,2015-12-22 12:00 PM,2015,12,22,12,150.9,UG/M3,1 Hr,Valid
Hanoi,PM2.5 - Principal,2015-12-22 01:00 PM,2015,12,22,13,148.7,UG/M3,1 Hr,Valid
Hanoi,PM2.5 - Principal,2015-12-22 02:00 PM,2015,12,22,14,142.7,UG/M3,1 Hr,Valid
Hanoi,PM2.5 - Principal,2015-12-22 03:00 PM,2015,12,22,15,135.8,UG/M3,1 Hr,Valid
Hanoi,PM2.5 - Principal,2015-12-22 04:00 PM,2015,12,22,16,134.4,UG/M3,1 Hr,Valid
Hanoi,PM2.5 - Principal,2015-12-22 05:00 PM,2015,12,22,17,174.7,UG/M3,1 Hr,Valid
Hanoi,PM2.5 - Principal,2015-12-22 06:00 PM,2015,12,22,18,195.6,UG/M3,1 Hr,Valid
Hanoi,PM2.5 - Principal,2015-12-22 07:00 PM,2015,12,22,19,240.6,UG/M3,1 Hr,Valid
Hanoi,PM2.5 - Principal,2015-12-22 08:00 PM,2015,12,22,20,202.9,UG/M3,1 Hr,Valid
Hanoi,PM2.5 - Principal,2015-12-22 09:00 PM,2015,12,22,21,173.6,UG/M3,1 Hr,Valid
Hanoi,PM2.5 - Principal,2015-12-22 10:00 PM,2015,12,22,22,164.2,UG/M3,1 Hr,Valid
Hanoi,PM2.5 - Principal,2015-12-22 11:00 PM,2015,12,22,23,170.5,UG/M3,1 Hr,Valid
Hanoi,PM2.5 - Principal,2015-12-23 12:00 AM,2015,12,23,00,185.2,UG/M3,1 Hr,Valid
Hanoi,PM2.5 - Principal,2015-12-23 01:00 AM,2015,12,23,01,192.1,UG/M3,1 Hr,Valid
Hanoi,PM2.5 - Principal,2015-12-23 02:00 AM,2015,12,23,02,168.1,UG/M3,1 Hr,Valid
Hanoi,PM2.5 - Principal,2015-12-23 03:00 AM,2015,12,23,03,145.1,UG/M3,1 Hr,Valid
Hanoi,PM2.5 - Principal,2015-12-23 04:00 AM,2015,12,23,04,120.6,UG/M3,1 Hr,Valid
Hanoi,PM2.5 - Principal,2015-12-23 05:00 AM,2015,12,23,05,110.2,UG/M3,1 Hr,Valid
Hanoi,PM2.5 - Principal,2015-12-23 06:00 AM,2015,12,23,06,116.2,UG/M3,1 Hr,Valid
Hanoi,PM2.5 - Principal,2015-12-23 07:00 AM,2015,12,23,07,122.8,UG/M3,1 Hr,Valid
Hanoi,PM2.5 - Principal,2015-12-23 08:00 AM,2015,12,23,08,117.8,UG/M3,1 Hr,Valid
Hanoi,PM2.5 - Principal,2015-12-23 09:00 AM,2015,12,23,09,114.1,UG/M3,1 Hr,Valid
Hanoi,PM2.5 - Principal,2015-12-23 10:00 AM,2015,12,23,10,118.3,UG/M3,1 Hr,Valid
Hanoi,PM2.5 - Principal,2015-12-23 11:00 AM,2015,12,23,11,129.0,UG/M3,1 Hr,Valid
Hanoi,PM2.5 - Principal,2015-12-23 12:00 PM,2015,12,23,12,128.8,UG/M3,1 Hr,Valid
Hanoi,PM2.5 - Principal,2015-12-23 01:00 PM,2015,12,23,13,125.4,UG/M3,1 Hr,Valid
Hanoi,PM2.5 - Principal,2015-12-23 02:00 PM,2015,12,23,14,110.2,UG/M3,1 Hr,Valid
Hanoi,PM2.5 - Principal,2015-12-23 03:00 PM,2015,12,23,15,115.6,UG/M3,1 Hr,Valid
Hanoi,PM2.5 - Principal,2015-12-23 04:00 PM,2015,12,23,16,106.6,UG/M3,1 Hr,Valid
Hanoi,PM2.5 - Principal,2015-12-23 05:00 PM,2015,12,23,17,97.0,UG/M3,1 Hr,Valid
Hanoi,PM2.5 - Principal,2015-12-23 06:00 PM,2015,12,23,18,99.3,UG/M3,1 Hr,Valid
Hanoi,PM2.5 - Principal,2015-12-23 07:00 PM,2015,12,23,19,111.9,UG/M3,1 Hr,Valid
Hanoi,PM2.5 - Principal,2015-12-23 08:00 PM,2015,12,23,20,218.9,UG/M3,1 Hr,Valid
Hanoi,PM2.5 - Principal,2015-12-23 09:00 PM,2015,12,23,21,216.8,UG/M3,1 Hr,Valid
Hanoi,PM2.5 - Principal,2015-12-23 10:00 PM,2015,12,23,22,209.5,UG/M3,1 Hr,Valid
Hanoi,PM2.5 - Principal,2015-12-23 11:00 PM,2015,12,23,23,115.1,UG/M3,1 Hr,Valid
Hanoi,PM2.5 - Principal,2015-12-24 12:00 AM,2015,12,24,00,119.3,UG/M3,1 Hr,Valid
Hanoi,PM2.5 - Principal,2015-12-24 01:00 AM,2015,12,24,01,101.6,UG/M3,1 Hr,Valid
Hanoi,PM2.5 - Principal,2015-12-24 02:00 AM,2015,12,24,02,92.8,UG/M3,1 Hr,Valid
Hanoi,PM2.5 - Principal,2015-12-24 03:00 AM,2015,12,24,03,90.1,UG/M3,1 Hr,Valid
Hanoi,PM2.5 - Principal,2015-12-24 04:00 AM,2015,12,24,04,94.2,UG/M3,1 Hr,Valid
Hanoi,PM2.5 - Principal,2015-12-24 05:00 AM,2015,12,24,05,102.8,UG/M3,1 Hr,Valid
Hanoi,PM2.5 - Principal,2015-12-24 06:00 AM,2015,12,24,06,183.6,UG/M3,1 Hr,Valid
Hanoi,PM2.5 - Principal,2015-12-24 07:00 AM,2015,12,24,07,229.5,UG/M3,1 Hr,Valid
Hanoi,PM2.5 - Principal,2015-12-24 08:00 AM,2015,12,24,08,216.7,UG/M3,1 Hr,Valid
Hanoi,PM2.5 - Principal,2015-12-24 09:00 AM,2015,12,24,09,209.5,UG/M3,1 Hr,Valid
Hanoi,PM2.5 - Principal,2015-12-24 10:00 AM,2015,12,24,10,195.4,UG/M3,1 Hr,Valid
Hanoi,PM2.5 - Principal,2015-12-24 11:00 AM,2015,12,24,11,177.6,UG/M3,1 Hr,Valid
Hanoi,PM2.5 - Principal,2015-12-24 12:00 PM,2015,12,24,12,141.1,UG/M3,1 Hr,Valid
Hanoi,PM2.5 - Principal,2015-12-24 01:00 PM,2015,12,24,13,144.7,UG/M3,1 Hr,Valid
Hanoi,PM2.5 - Principal,2015-12-24 02:00 PM,2015,12,24,14,136.2,UG/M3,1 Hr,Valid
Hanoi,PM2.5 - Principal,2015-12-24 03:00 PM,2015,12,24,15,116.2,UG/M3,1 Hr,Valid
Hanoi,PM2.5 - Principal,2015-12-24 04:00 PM,2015,12,24,16,122.5,UG/M3,1 Hr,Valid
Hanoi,PM2.5 - Principal,2015-12-24 05:00 PM,2015,12,24,17,111.0,UG/M3,1 Hr,Valid
Hanoi,PM2.5 - Principal,2015-12-24 06:00 PM,2015,12,24,18,113.0,UG/M3,1 Hr,Valid
Hanoi,PM2.5 - Principal,2015-12-24 07:00 PM,2015,12,24,19,141.5,UG/M3,1 Hr,Valid
Hanoi,PM2.5 - Principal,2015-12-24 08:00 PM,2015,12,24,20,155.3,UG/M3,1 Hr,Valid
Hanoi,PM2.5 - Principal,2015-12-24 09:00 PM,2015,12,24,21,164.9,UG/M3,1 Hr,Valid
Hanoi,PM2.5 - Principal,2015-12-24 10:00 PM,2015,12,24,22,188.7,UG/M3,1 Hr,Valid
Hanoi,PM2.5 - Principal,2015-12-24 11:00 PM,2015,12,24,23,154.7,UG/M3,1 Hr,Valid
Hanoi,PM2.5 - Principal,2015-12-25 12:00 AM,2015,12,25,00,119.4,UG/M3,1 Hr,Valid
Hanoi,PM2.5 - Principal,2015-12-25 01:00 AM,2015,12,25,01,75.3,UG/M3,1 Hr,Valid
Hanoi,PM2.5 - Principal,2015-12-25 02:00 AM,2015,12,25,02,85.2,UG/M3,1 Hr,Valid
Hanoi,PM2.5 - Principal,2015-12-25 03:00 AM,2015,12,25,03,-999.0,UG/M3,1 Hr,Valid
Hanoi,PM2.5 - Principal,2015-12-25 04:00 AM,2015,12,25,04,-999.0,UG/M3,1 Hr,Valid
Hanoi,PM2.5 - Principal,2015-12-25 05:00 AM,2015,12,25,05,-999.0,UG/M3,1 Hr,Valid
Hanoi,PM2.5 - Principal,2015-12-25 06:00 AM,2015,12,25,06,-999.0,UG/M3,1 Hr,Valid
Hanoi,PM2.5 - Principal,2015-12-25 07:00 AM,2015,12,25,07,-999.0,UG/M3,1 Hr,Valid
Hanoi,PM2.5 - Principal,2015-12-25 08:00 AM,2015,12,25,08,-999.0,UG/M3,1 Hr,Valid
Hanoi,PM2.5 - Principal,2015-12-25 09:00 AM,2015,12,25,09,-999.0,UG/M3,1 Hr,Valid
Hanoi,PM2.5 - Principal,2015-12-25 10:00 AM,2015,12,25,10,-999.0,UG/M3,1 Hr,Valid
Hanoi,PM2.5 - Principal,2015-12-25 11:00 AM,2015,12,25,11,-999.0,UG/M3,1 Hr,Valid
Hanoi,PM2.5 - Principal,2015-12-25 12:00 PM,2015,12,25,12,-999.0,UG/M3,1 Hr,Valid
Hanoi,PM2.5 - Principal,2015-12-25 01:00 PM,2015,12,25,13,-999.0,UG/M3,1 Hr,Valid
Hanoi,PM2.5 - Principal,2015-12-25 02:00 PM,2015,12,25,14,-999.0,UG/M3,1 Hr,Valid
Hanoi,PM2.5 - Principal,2015-12-25 03:00 PM,2015,12,25,15,-999.0,UG/M3,1 Hr,Valid
Hanoi,PM2.5 - Principal,2015-12-25 04:00 PM,2015,12,25,16,-999.0,UG/M3,1 Hr,Valid
Hanoi,PM2.5 - Principal,2015-12-25 05:00 PM,2015,12,25,17,-999.0,UG/M3,1 Hr,Valid
Hanoi,PM2.5 - Principal,2015-12-25 06:00 PM,2015,12,25,18,-999.0,UG/M3,1 Hr,Valid
Hanoi,PM2.5 - Principal,2015-12-25 07:00 PM,2015,12,25,19,-999.0,UG/M3,1 Hr,Valid
Hanoi,PM2.5 - Principal,2015-12-25 08:00 PM,2015,12,25,20,-999.0,UG/M3,1 Hr,Valid
Hanoi,PM2.5 - Principal,2015-12-25 09:00 PM,2015,12,25,21,-999.0,UG/M3,1 Hr,Valid
Hanoi,PM2.5 - Principal,2015-12-25 10:00 PM,2015,12,25,22,-999.0,UG/M3,1 Hr,Valid
Hanoi,PM2.5 - Principal,2015-12-25 11:00 PM,2015,12,25,23,-999.0,UG/M3,1 Hr,Valid
Hanoi,PM2.5 - Principal,2015-12-26 12:00 AM,2015,12,26,00,-999.0,UG/M3,1 Hr,Valid
Hanoi,PM2.5 - Principal,2015-12-26 01:00 AM,2015,12,26,01,-999.0,UG/M3,1 Hr,Valid
Hanoi,PM2.5 - Principal,2015-12-26 02:00 AM,2015,12,26,02,-999.0,UG/M3,1 Hr,Valid
Hanoi,PM2.5 - Principal,2015-12-26 03:00 AM,2015,12,26,03,-999.0,UG/M3,1 Hr,Valid
Hanoi,PM2.5 - Principal,2015-12-26 04:00 AM,2015,12,26,04,-999.0,UG/M3,1 Hr,Valid
Hanoi,PM2.5 - Principal,2015-12-26 05:00 AM,2015,12,26,05,-999.0,UG/M3,1 Hr,Valid
Hanoi,PM2.5 - Principal,2015-12-26 06:00 AM,2015,12,26,06,-999.0,UG/M3,1 Hr,Valid
Hanoi,PM2.5 - Principal,2015-12-26 07:00 AM,2015,12,26,07,-999.0,UG/M3,1 Hr,Valid
Hanoi,PM2.5 - Principal,2015-12-26 08:00 AM,2015,12,26,08,-999.0,UG/M3,1 Hr,Valid
Hanoi,PM2.5 - Principal,2015-12-26 09:00 AM,2015,12,26,09,-999.0,UG/M3,1 Hr,Valid
Hanoi,PM2.5 - Principal,2015-12-26 10:00 AM,2015,12,26,10,-999.0,UG/M3,1 Hr,Valid
Hanoi,PM2.5 - Principal,2015-12-26 11:00 AM,2015,12,26,11,-999.0,UG/M3,1 Hr,Valid
Hanoi,PM2.5 - Principal,2015-12-26 12:00 PM,2015,12,26,12,-999.0,UG/M3,1 Hr,Valid
Hanoi,PM2.5 - Principal,2015-12-26 01:00 PM,2015,12,26,13,-999.0,UG/M3,1 Hr,Valid
Hanoi,PM2.5 - Principal,2015-12-26 02:00 PM,2015,12,26,14,-999.0,UG/M3,1 Hr,Valid
Hanoi,PM2.5 - Principal,2015-12-26 03:00 PM,2015,12,26,15,-999.0,UG/M3,1 Hr,Valid
Hanoi,PM2.5 - Principal,2015-12-26 04:00 PM,2015,12,26,16,-999.0,UG/M3,1 Hr,Valid
Hanoi,PM2.5 - Principal,2015-12-26 05:00 PM,2015,12,26,17,-999.0,UG/M3,1 Hr,Valid
Hanoi,PM2.5 - Principal,2015-12-26 06:00 PM,2015,12,26,18,-999.0,UG/M3,1 Hr,Valid
Hanoi,PM2.5 - Principal,2015-12-26 07:00 PM,2015,12,26,19,-999.0,UG/M3,1 Hr,Valid
Hanoi,PM2.5 - Principal,2015-12-26 08:00 PM,2015,12,26,20,-999.0,UG/M3,1 Hr,Valid
Hanoi,PM2.5 - Principal,2015-12-26 09:00 PM,2015,12,26,21,-999.0,UG/M3,1 Hr,Valid
Hanoi,PM2.5 - Principal,2015-12-26 10:00 PM,2015,12,26,22,-999.0,UG/M3,1 Hr,Valid
Hanoi,PM2.5 - Principal,2015-12-26 11:00 PM,2015,12,26,23,-999.0,UG/M3,1 Hr,Valid
Hanoi,PM2.5 - Principal,2015-12-27 12:00 AM,2015,12,27,00,-999.0,UG/M3,1 Hr,Valid
Hanoi,PM2.5 - Principal,2015-12-27 01:00 AM,2015,12,27,01,-999.0,UG/M3,1 Hr,Valid
Hanoi,PM2.5 - Principal,2015-12-27 02:00 AM,2015,12,27,02,-999.0,UG/M3,1 Hr,Valid
Hanoi,PM2.5 - Principal,2015-12-27 03:00 AM,2015,12,27,03,-999.0,UG/M3,1 Hr,Valid
Hanoi,PM2.5 - Principal,2015-12-27 04:00 AM,2015,12,27,04,-999.0,UG/M3,1 Hr,Valid
Hanoi,PM2.5 - Principal,2015-12-27 05:00 AM,2015,12,27,05,-999.0,UG/M3,1 Hr,Valid
Hanoi,PM2.5 - Principal,2015-12-27 06:00 AM,2015,12,27,06,-999.0,UG/M3,1 Hr,Valid
Hanoi,PM2.5 - Principal,2015-12-27 07:00 AM,2015,12,27,07,-999.0,UG/M3,1 Hr,Valid
Hanoi,PM2.5 - Principal,2015-12-27 08:00 AM,2015,12,27,08,50.3,UG/M3,1 Hr,Valid
Hanoi,PM2.5 - Principal,2015-12-27 09:00 AM,2015,12,27,09,58.0,UG/M3,1 Hr,Valid
Hanoi,PM2.5 - Principal,2015-12-27 10:00 AM,2015,12,27,10,34.8,UG/M3,1 Hr,Valid
Hanoi,PM2.5 - Principal,2015-12-27 11:00 AM,2015,12,27,11,32.0,UG/M3,1 Hr,Valid
Hanoi,PM2.5 - Principal,2015-12-27 12:00 PM,2015,12,27,12,32.9,UG/M3,1 Hr,Valid
Hanoi,PM2.5 - Principal,2015-12-27 01:00 PM,2015,12,27,13,31.1,UG/M3,1 Hr,Valid
Hanoi,PM2.5 - Principal,2015-12-27 02:00 PM,2015,12,27,14,36.4,UG/M3,1 Hr,Valid
Hanoi,PM2.5 - Principal,2015-12-27 03:00 PM,2015,12,27,15,48.1,UG/M3,1 Hr,Valid
Hanoi,PM2.5 - Principal,2015-12-27 04:00 PM,2015,12,27,16,52.6,UG/M3,1 Hr,Valid
Hanoi,PM2.5 - Principal,2015-12-27 05:00 PM,2015,12,27,17,67.5,UG/M3,1 Hr,Valid
Hanoi,PM2.5 - Principal,2015-12-27 06:00 PM,2015,12,27,18,54.6,UG/M3,1 Hr,Valid
Hanoi,PM2.5 - Principal,2015-12-27 07:00 PM,2015,12,27,19,46.0,UG/M3,1 Hr,Valid
Hanoi,PM2.5 - Principal,2015-12-27 08:00 PM,2015,12,27,20,47.3,UG/M3,1 Hr,Valid
Hanoi,PM2.5 - Principal,2015-12-27 09:00 PM,2015,12,27,21,56.2,UG/M3,1 Hr,Valid
Hanoi,PM2.5 - Principal,2015-12-27 10:00 PM,2015,12,27,22,63.5,UG/M3,1 Hr,Valid
Hanoi,PM2.5 - Principal,2015-12-27 11:00 PM,2015,12,27,23,77.7,UG/M3,1 Hr,Valid
Hanoi,PM2.5 - Principal,2015-12-28 12:00 AM,2015,12,28,00,71.7,UG/M3,1 Hr,Valid
Hanoi,PM2.5 - Principal,2015-12-28 01:00 AM,2015,12,28,01,65.6,UG/M3,1 Hr,Valid
Hanoi,PM2.5 - Principal,2015-12-28 02:00 AM,2015,12,28,02,82.3,UG/M3,1 Hr,Valid
Hanoi,PM2.5 - Principal,2015-12-28 03:00 AM,2015,12,28,03,89.6,UG/M3,1 Hr,Valid
Hanoi,PM2.5 - Principal,2015-12-28 04:00 AM,2015,12,28,04,81.1,UG/M3,1 Hr,Valid
Hanoi,PM2.5 - Principal,2015-12-28 05:00 AM,2015,12,28,05,59.2,UG/M3,1 Hr,Valid
Hanoi,PM2.5 - Principal,2015-12-28 06:00 AM,2015,12,28,06,65.9,UG/M3,1 Hr,Valid
Hanoi,PM2.5 - Principal,2015-12-28 07:00 AM,2015,12,28,07,65.5,UG/M3,1 Hr,Valid
Hanoi,PM2.5 - Principal,2015-12-28 08:00 AM,2015,12,28,08,79.4,UG/M3,1 Hr,Valid
Hanoi,PM2.5 - Principal,2015-12-28 09:00 AM,2015,12,28,09,89.6,UG/M3,1 Hr,Valid
Hanoi,PM2.5 - Principal,2015-12-28 10:00 AM,2015,12,28,10,80.7,UG/M3,1 Hr,Valid
Hanoi,PM2.5 - Principal,2015-12-28 11:00 AM,2015,12,28,11,74.2,UG/M3,1 Hr,Valid
Hanoi,PM2.5 - Principal,2015-12-28 12:00 PM,2015,12,28,12,81.1,UG/M3,1 Hr,Valid
Hanoi,PM2.5 - Principal,2015-12-28 01:00 PM,2015,12,28,13,84.8,UG/M3,1 Hr,Valid
Hanoi,PM2.5 - Principal,2015-12-28 02:00 PM,2015,12,28,14,80.5,UG/M3,1 Hr,Valid
Hanoi,PM2.5 - Principal,2015-12-28 03:00 PM,2015,12,28,15,70.3,UG/M3,1 Hr,Valid
Hanoi,PM2.5 - Principal,2015-12-28 04:00 PM,2015,12,28,16,78.3,UG/M3,1 Hr,Valid
Hanoi,PM2.5 - Principal,2015-12-28 05:00 PM,2015,12,28,17,85.5,UG/M3,1 Hr,Valid
Hanoi,PM2.5 - Principal,2015-12-28 06:00 PM,2015,12,28,18,75.3,UG/M3,1 Hr,Valid
Hanoi,PM2.5 - Principal,2015-12-28 07:00 PM,2015,12,28,19,85.5,UG/M3,1 Hr,Valid
Hanoi,PM2.5 - Principal,2015-12-28 08:00 PM,2015,12,28,20,99.1,UG/M3,1 Hr,Valid
Hanoi,PM2.5 - Principal,2015-12-28 09:00 PM,2015,12,28,21,102.8,UG/M3,1 Hr,Valid
Hanoi,PM2.5 - Principal,2015-12-28 10:00 PM,2015,12,28,22,97.8,UG/M3,1 Hr,Valid
Hanoi,PM2.5 - Principal,2015-12-28 11:00 PM,2015,12,28,23,94.7,UG/M3,1 Hr,Valid
Hanoi,PM2.5 - Principal,2015-12-29 12:00 AM,2015,12,29,00,88.7,UG/M3,1 Hr,Valid
Hanoi,PM2.5 - Principal,2015-12-29 01:00 AM,2015,12,29,01,81.7,UG/M3,1 Hr,Valid
Hanoi,PM2.5 - Principal,2015-12-29 02:00 AM,2015,12,29,02,75.1,UG/M3,1 Hr,Valid
Hanoi,PM2.5 - Principal,2015-12-29 03:00 AM,2015,12,29,03,78.5,UG/M3,1 Hr,Valid
Hanoi,PM2.5 - Principal,2015-12-29 04:00 AM,2015,12,29,04,67.1,UG/M3,1 Hr,Valid
Hanoi,PM2.5 - Principal,2015-12-29 05:00 AM,2015,12,29,05,70.0,UG/M3,1 Hr,Valid
Hanoi,PM2.5 - Principal,2015-12-29 06:00 AM,2015,12,29,06,69.6,UG/M3,1 Hr,Valid
Hanoi,PM2.5 - Principal,2015-12-29 07:00 AM,2015,12,29,07,59.7,UG/M3,1 Hr,Valid
Hanoi,PM2.5 - Principal,2015-12-29 08:00 AM,2015,12,29,08,54.0,UG/M3,1 Hr,Valid
Hanoi,PM2.5 - Principal,2015-12-29 09:00 AM,2015,12,29,09,56.0,UG/M3,1 Hr,Valid
Hanoi,PM2.5 - Principal,2015-12-29 10:00 AM,2015,12,29,10,55.7,UG/M3,1 Hr,Valid
Hanoi,PM2.5 - Principal,2015-12-29 11:00 AM,2015,12,29,11,48.0,UG/M3,1 Hr,Valid
Hanoi,PM2.5 - Principal,2015-12-29 12:00 PM,2015,12,29,12,-999.0,UG/M3,1 Hr,Valid
Hanoi,PM2.5 - Principal,2015-12-29 01:00 PM,2015,12,29,13,35.8,UG/M3,1 Hr,Valid
Hanoi,PM2.5 - Principal,2015-12-29 02:00 PM,2015,12,29,14,32.6,UG/M3,1 Hr,Valid
Hanoi,PM2.5 - Principal,2015-12-29 03:00 PM,2015,12,29,15,25.3,UG/M3,1 Hr,Valid
Hanoi,PM2.5 - Principal,2015-12-29 04:00 PM,2015,12,29,16,34.1,UG/M3,1 Hr,Valid
Hanoi,PM2.5 - Principal,2015-12-29 05:00 PM,2015,12,29,17,36.5,UG/M3,1 Hr,Valid
Hanoi,PM2.5 - Principal,2015-12-29 06:00 PM,2015,12,29,18,25.3,UG/M3,1 Hr,Valid
Hanoi,PM2.5 - Principal,2015-12-29 07:00 PM,2015,12,29,19,35.1,UG/M3,1 Hr,Valid
Hanoi,PM2.5 - Principal,2015-12-29 08:00 PM,2015,12,29,20,38.0,UG/M3,1 Hr,Valid
Hanoi,PM2.5 - Principal,2015-12-29 09:00 PM,2015,12,29,21,38.9,UG/M3,1 Hr,Valid
Hanoi,PM2.5 - Principal,2015-12-29 10:00 PM,2015,12,29,22,36.8,UG/M3,1 Hr,Valid
Hanoi,PM2.5 - Principal,2015-12-29 11:00 PM,2015,12,29,23,33.9,UG/M3,1 Hr,Valid
Hanoi,PM2.5 - Principal,2015-12-30 12:00 AM,2015,12,30,00,26.0,UG/M3,1 Hr,Valid
Hanoi,PM2.5 - Principal,2015-12-30 01:00 AM,2015,12,30,01,27.6,UG/M3,1 Hr,Valid
Hanoi,PM2.5 - Principal,2015-12-30 02:00 AM,2015,12,30,02,18.1,UG/M3,1 Hr,Valid
Hanoi,PM2.5 - Principal,2015-12-30 03:00 AM,2015,12,30,03,22.1,UG/M3,1 Hr,Valid
Hanoi,PM2.5 - Principal,2015-12-30 04:00 AM,2015,12,30,04,24.8,UG/M3,1 Hr,Valid
Hanoi,PM2.5 - Principal,2015-12-30 05:00 AM,2015,12,30,05,21.1,UG/M3,1 Hr,Valid
Hanoi,PM2.5 - Principal,2015-12-30 06:00 AM,2015,12,30,06,26.0,UG/M3,1 Hr,Valid
Hanoi,PM2.5 - Principal,2015-12-30 07:00 AM,2015,12,30,07,26.9,UG/M3,1 Hr,Valid
Hanoi,PM2.5 - Principal,2015-12-30 08:00 AM,2015,12,30,08,26.1,UG/M3,1 Hr,Valid
Hanoi,PM2.5 - Principal,2015-12-30 09:00 AM,2015,12,30,09,30.1,UG/M3,1 Hr,Valid
Hanoi,PM2.5 - Principal,2015-12-30 10:00 AM,2015,12,30,10,33.0,UG/M3,1 Hr,Valid
Hanoi,PM2.5 - Principal,2015-12-30 11:00 AM,2015,12,30,11,-999.0,UG/M3,1 Hr,Valid
Hanoi,PM2.5 - Principal,2015-12-30 12:00 PM,2015,12,30,12,-999.0,UG/M3,1 Hr,Valid
Hanoi,PM2.5 - Principal,2015-12-30 01:00 PM,2015,12,30,13,17.1,UG/M3,1 Hr,Valid
Hanoi,PM2.5 - Principal,2015-12-30 02:00 PM,2015,12,30,14,21.0,UG/M3,1 Hr,Valid
Hanoi,PM2.5 - Principal,2015-12-30 03:00 PM,2015,12,30,15,21.1,UG/M3,1 Hr,Valid
Hanoi,PM2.5 - Principal,2015-12-30 04:00 PM,2015,12,30,16,26.1,UG/M3,1 Hr,Valid
Hanoi,PM2.5 - Principal,2015-12-30 05:00 PM,2015,12,30,17,29.1,UG/M3,1 Hr,Valid
Hanoi,PM2.5 - Principal,2015-12-30 06:00 PM,2015,12,30,18,33.2,UG/M3,1 Hr,Valid
Hanoi,PM2.5 - Principal,2015-12-30 07:00 PM,2015,12,30,19,38.7,UG/M3,1 Hr,Valid
Hanoi,PM2.5 - Principal,2015-12-30 08:00 PM,2015,12,30,20,31.1,UG/M3,1 Hr,Valid
Hanoi,PM2.5 - Principal,2015-12-30 09:00 PM,2015,12,30,21,33.9,UG/M3,1 Hr,Valid
Hanoi,PM2.5 - Principal,2015-12-30 10:00 PM,2015,12,30,22,33.2,UG/M3,1 Hr,Valid
Hanoi,PM2.5 - Principal,2015-12-30 11:00 PM,2015,12,30,23,40.1,UG/M3,1 Hr,Valid
Hanoi,PM2.5 - Principal,2015-12-31 12:00 AM,2015,12,31,00,44.0,UG/M3,1 Hr,Valid
Hanoi,PM2.5 - Principal,2015-12-31 01:00 AM,2015,12,31,01,45.2,UG/M3,1 Hr,Valid
Hanoi,PM2.5 - Principal,2015-12-31 02:00 AM,2015,12,31,02,51.0,UG/M3,1 Hr,Valid
Hanoi,PM2.5 - Principal,2015-12-31 03:00 AM,2015,12,31,03,51.1,UG/M3,1 Hr,Valid
Hanoi,PM2.5 - Principal,2015-12-31 04:00 AM,2015,12,31,04,53.6,UG/M3,1 Hr,Valid
Hanoi,PM2.5 - Principal,2015-12-31 05:00 AM,2015,12,31,05,44.9,UG/M3,1 Hr,Valid
Hanoi,PM2.5 - Principal,2015-12-31 06:00 AM,2015,12,31,06,43.0,UG/M3,1 Hr,Valid
Hanoi,PM2.5 - Principal,2015-12-31 07:00 AM,2015,12,31,07,45.4,UG/M3,1 Hr,Valid
