"AD","Full.flowering.date..DOY.","Full.flowering.date","Source.code","Data.type.code","Reference.Name","blossom.date","common.date"
801,NA,NA,NA,NA,"-",NA,NA
802,NA,NA,NA,NA,"-",NA,NA
803,NA,NA,NA,NA,"-",NA,NA
804,NA,NA,NA,NA,"-",NA,NA
805,NA,NA,NA,NA,"-",NA,NA
806,NA,NA,NA,NA,"-",NA,NA
807,NA,NA,NA,NA,"-",NA,NA
808,NA,NA,NA,NA,"-",NA,NA
809,NA,NA,NA,NA,"-",NA,NA
810,NA,NA,NA,NA,"-",NA,NA
811,NA,NA,NA,NA,"-",NA,NA
812,92,401,1,2,"NIHON-KOKI",812-04-01,2000-04-01
813,NA,NA,NA,NA,"-",NA,NA
814,NA,NA,NA,NA,"-",NA,NA
815,105,415,1,2,"NIHON-KOKI",815-04-15,2000-04-15
816,NA,NA,NA,NA,"-",NA,NA
817,NA,NA,NA,NA,"-",NA,NA
818,NA,NA,NA,NA,"-",NA,NA
819,NA,NA,NA,NA,"-",NA,NA
820,NA,NA,NA,NA,"-",NA,NA
821,NA,NA,NA,NA,"-",NA,NA
822,NA,NA,NA,NA,"-",NA,NA
823,NA,NA,NA,NA,"-",NA,NA
824,NA,NA,NA,NA,"-",NA,NA
825,NA,NA,NA,NA,"-",NA,NA
826,NA,NA,NA,NA,"-",NA,NA
827,NA,NA,NA,NA,"-",NA,NA
828,NA,NA,NA,NA,"-",NA,NA
829,NA,NA,NA,NA,"-",NA,NA
830,NA,NA,NA,NA,"-",NA,NA
831,96,406,1,2,"NIHON-KOKI",831-04-06,2000-04-06
832,NA,NA,NA,NA,"-",NA,NA
833,NA,NA,NA,NA,"-",NA,NA
834,NA,NA,NA,NA,"-",NA,NA
835,NA,NA,NA,NA,"-",NA,NA
836,NA,NA,NA,NA,"-",NA,NA
837,NA,NA,NA,NA,"-",NA,NA
838,NA,NA,NA,NA,"-",NA,NA
839,NA,NA,NA,NA,"-",NA,NA
840,NA,NA,NA,NA,"-",NA,NA
841,NA,NA,NA,NA,"-",NA,NA
842,NA,NA,NA,NA,"-",NA,NA
843,NA,NA,NA,NA,"-",NA,NA
844,NA,NA,NA,NA,"-",NA,NA
845,NA,NA,NA,NA,"-",NA,NA
846,NA,NA,NA,NA,"-",NA,NA
847,NA,NA,NA,NA,"-",NA,NA
848,NA,NA,NA,NA,"-",NA,NA
849,NA,NA,NA,NA,"-",NA,NA
850,NA,NA,NA,NA,"-",NA,NA
851,108,418,1,2,"MONTOKUTENNO-JITSUROKU",851-04-18,2000-04-18
852,NA,NA,NA,NA,"-",NA,NA
853,104,414,1,2,"MONTOKUTENNO-JITSUROKU",853-04-14,2000-04-14
854,NA,NA,NA,NA,"-",NA,NA
855,NA,NA,NA,NA,"-",NA,NA
856,NA,NA,NA,NA,"-",NA,NA
857,NA,NA,NA,NA,"-",NA,NA
858,NA,NA,NA,NA,"-",NA,NA
859,NA,NA,NA,NA,"-",NA,NA
860,NA,NA,NA,NA,"-",NA,NA
861,NA,NA,NA,NA,"-",NA,NA
862,NA,NA,NA,NA,"-",NA,NA
863,NA,NA,NA,NA,"-",NA,NA
864,100,409,1,2,"NIPPON-SANDAI-JITSUROKU",864-04-09,2000-04-09
865,NA,NA,NA,NA,"-",NA,NA
866,106,416,1,2,"NIPPON-SANDAI-JITSUROKU",866-04-16,2000-04-16
867,NA,NA,NA,NA,"-",NA,NA
868,NA,NA,NA,NA,"-",NA,NA
869,95,405,5,2,"KANKE-BUNSOU",869-04-05,2000-04-05
870,NA,NA,NA,NA,"-",NA,NA
871,NA,NA,NA,NA,"-",NA,NA
872,NA,NA,NA,NA,"-",NA,NA
873,NA,NA,NA,NA,"-",NA,NA
874,NA,NA,NA,NA,"-",NA,NA
875,NA,NA,NA,NA,"-",NA,NA
876,NA,NA,NA,NA,"-",NA,NA
877,NA,NA,NA,NA,"-",NA,NA
878,NA,NA,NA,NA,"-",NA,NA
879,NA,NA,NA,NA,"-",NA,NA
880,NA,NA,NA,NA,"-",NA,NA
881,NA,NA,NA,NA,"-",NA,NA
882,NA,NA,NA,NA,"-",NA,NA
883,NA,NA,NA,NA,"-",NA,NA
884,NA,NA,NA,NA,"-",NA,NA
885,NA,NA,NA,NA,"-",NA,NA
886,NA,NA,NA,NA,"-",NA,NA
887,NA,NA,NA,NA,"-",NA,NA
888,NA,NA,NA,NA,"-",NA,NA
889,104,414,5,2,"NIPPON-SANDAI-JITSUROKU",889-04-14,2000-04-14
890,NA,NA,NA,NA,"-",NA,NA
891,109,419,5,4,"NIHONKIRYAKU",891-04-19,2000-04-19
892,108,417,5,3,"FUSHIMIIN-GOKIROKKU",892-04-17,2000-04-17
893,NA,NA,NA,NA,"-",NA,NA
894,106,416,5,2,"KANKE-BUNSOU",894-04-16,2000-04-16
895,104,414,5,4,"NIHONKIRYAKU",895-04-14,2000-04-14
896,104,413,5,4,"NIPPON-SANDAI-JITSUROKU",896-04-13,2000-04-13
897,NA,NA,NA,NA,"-",NA,NA
898,NA,NA,NA,NA,"-",NA,NA
899,NA,NA,NA,NA,"-",NA,NA
900,NA,NA,NA,NA,"-",NA,NA
901,NA,NA,NA,NA,"-",NA,NA
902,102,412,5,8,"EST-from-WF(NIHONGI-RYAKU)",902-04-12,2000-04-12
903,NA,NA,NA,NA,"-",NA,NA
904,NA,NA,NA,NA,"-",NA,NA
905,NA,NA,NA,NA,"-",NA,NA
906,NA,NA,NA,NA,"-",NA,NA
907,NA,NA,NA,NA,"-",NA,NA
908,98,407,5,8,"EST-from-WF(KIMITADA-SHU)",908-04-07,2000-04-07
909,NA,NA,NA,NA,"-",NA,NA
910,NA,NA,NA,NA,"-",NA,NA
911,NA,NA,NA,NA,"-",NA,NA
912,95,404,1,2,"SHINGISHIKI",912-04-04,2000-04-04
913,110,420,5,2,"SHUI-WAKASHU",913-04-20,2000-04-20
914,NA,NA,NA,NA,"-",NA,NA
915,NA,NA,NA,NA,"-",NA,NA
916,NA,NA,NA,NA,"-",NA,NA
917,95,405,1,2,"KINHISHO",917-04-05,2000-04-05
918,NA,NA,NA,NA,"-",NA,NA
919,NA,NA,NA,NA,"-",NA,NA
920,NA,NA,NA,NA,"-",NA,NA
921,NA,NA,NA,NA,"-",NA,NA
922,NA,NA,NA,NA,"-",NA,NA
923,104,414,5,4,"ZOKU-KOKIN-WAKASHU",923-04-14,2000-04-14
924,NA,NA,NA,NA,"-",NA,NA
925,NA,NA,NA,NA,"-",NA,NA
926,98,408,1,2,"NIHONKIRYAKU",926-04-08,2000-04-08
927,NA,NA,NA,NA,"-",NA,NA
928,NA,NA,NA,NA,"-",NA,NA
929,NA,NA,NA,NA,"-",NA,NA
930,97,407,5,8,"EST-from-WF(SHIRYO-SORAN)",930-04-07,2000-04-07
931,NA,NA,NA,NA,"-",NA,NA
932,NA,NA,NA,NA,"-",NA,NA
933,106,416,5,8,"EST-from-WF(SHIRYO-SORAN)",933-04-16,2000-04-16
934,NA,NA,NA,NA,"-",NA,NA
935,NA,NA,NA,NA,"-",NA,NA
936,NA,NA,NA,NA,"-",NA,NA
937,NA,NA,NA,NA,"-",NA,NA
938,NA,NA,NA,NA,"-",NA,NA
939,NA,NA,NA,NA,"-",NA,NA
940,NA,NA,NA,NA,"-",NA,NA
941,109,419,1,2,"NIHONKIRYAKU",941-04-19,2000-04-19
942,NA,NA,NA,NA,"-",NA,NA
943,NA,NA,NA,NA,"-",NA,NA
944,NA,NA,NA,NA,"-",NA,NA
945,NA,NA,NA,NA,"-",NA,NA
946,NA,NA,NA,NA,"-",NA,NA
947,NA,NA,NA,NA,"-",NA,NA
948,NA,NA,NA,NA,"-",NA,NA
949,107,417,1,2,"NIHONKIRYAKU",949-04-17,2000-04-17
950,95,405,4,2,"DAINIHON-SHIRYO",950-04-05,2000-04-05
951,NA,NA,NA,NA,"-",NA,NA
952,NA,NA,NA,NA,"-",NA,NA
953,NA,NA,NA,NA,"-",NA,NA
954,NA,NA,NA,NA,"-",NA,NA
955,89,330,5,4,"SHUISHO",955-03-30,2000-03-30
956,NA,NA,NA,NA,"-",NA,NA
957,112,422,1,2,"NIHONKIRYAKU",957-04-22,2000-04-22
958,109,419,1,2,"NIHONKIRYAKU",958-04-19,2000-04-19
959,97,407,3,2,"KYUREKI",959-04-07,2000-04-07
960,101,410,3,2,"KYUREKI",960-04-10,2000-04-10
961,87,328,1,2,"NIHONKIRYAKU",961-03-28,2000-03-28
962,NA,NA,NA,NA,"-",NA,NA
963,94,404,1,2,"NIHONKIRYAKU",963-04-04,2000-04-04
964,NA,NA,NA,NA,"-",NA,NA
965,104,414,1,2,"NIHONKIRYAKU",965-04-14,2000-04-14
966,98,408,1,2,"NIHONKIRYAKU",966-04-08,2000-04-08
967,103,413,1,2,"NIHONKIRYAKU",967-04-13,2000-04-13
968,NA,NA,NA,NA,"-",NA,NA
969,98,408,5,4,"NIHONKIRYAKU",969-04-08,2000-04-08
970,NA,NA,NA,NA,"-",NA,NA
971,NA,NA,NA,NA,"-",NA,NA
972,107,416,5,8,"EST-from-WF(SHIRYO-SORAN)",972-04-16,2000-04-16
973,NA,NA,NA,NA,"-",NA,NA
974,108,418,1,2,"NIHONKIRYAKU",974-04-18,2000-04-18
975,101,411,5,2,"NIHONKIRYAKU",975-04-11,2000-04-11
976,NA,NA,NA,NA,"-",NA,NA
977,112,422,2,2,"FUSO-RYAKKI",977-04-22,2000-04-22
978,NA,NA,NA,NA,"-",NA,NA
979,104,414,4,3,"DAINIHON-SHIRYO",979-04-14,2000-04-14
980,NA,NA,NA,NA,"-",NA,NA
981,NA,NA,NA,NA,"-",NA,NA
982,NA,NA,NA,NA,"-",NA,NA
983,NA,NA,NA,NA,"-",NA,NA
984,NA,NA,NA,NA,"-",NA,NA
985,94,404,4,2,"SHOYUKI",985-04-04,2000-04-04
986,NA,NA,NA,NA,"-",NA,NA
987,NA,NA,NA,NA,"-",NA,NA
988,NA,NA,NA,NA,"-",NA,NA
989,100,410,4,2,"SHOYUKI",989-04-10,2000-04-10
990,NA,NA,NA,NA,"-",NA,NA
991,104,414,7,1,"EIGA-MONOGATARI(MIHATENUYUME)",991-04-14,2000-04-14
992,NA,NA,NA,NA,"-",NA,NA
993,NA,NA,NA,NA,"-",NA,NA
994,NA,NA,NA,NA,"-",NA,NA
995,NA,NA,NA,NA,"-",NA,NA
996,NA,NA,NA,NA,"-",NA,NA
997,NA,NA,NA,NA,"-",NA,NA
998,NA,NA,NA,NA,"-",NA,NA
999,NA,NA,NA,NA,"-",NA,NA
1000,105,415,3,2,"MIDO-KAMPAKUKI",1000-04-15,2000-04-15
1001,NA,NA,NA,NA,"-",NA,NA
1002,NA,NA,NA,NA,"-",NA,NA
1003,NA,NA,NA,NA,"-",NA,NA
1004,117,426,3,2,"MIDO-KAMPAKUKI",1004-04-26,2000-04-26
1005,NA,NA,NA,NA,"-",NA,NA
1006,100,410,1,2,"NIHONKIRYAKU",1006-04-10,2000-04-10
1007,106,416,5,4,"MIDO-KAMPAKUKI",1007-04-16,2000-04-16
1008,NA,NA,NA,NA,"-",NA,NA
1009,NA,NA,NA,NA,"-",NA,NA
1010,NA,NA,NA,NA,"-",NA,NA
1011,NA,NA,NA,NA,"-",NA,NA
1012,NA,NA,NA,NA,"-",NA,NA
1013,NA,NA,NA,NA,"-",NA,NA
1014,115,425,5,2,"DAI-SAIIN-GYOSHU",1014-04-25,2000-04-25
1015,NA,NA,NA,NA,"-",NA,NA
1016,111,420,2,2,"MIDO-KAMPAKUKI",1016-04-20,2000-04-20
1017,99,409,3,2,"MIDO-KAMPAKUKI",1017-04-09,2000-04-09
1018,113,423,2,2,"MIDO-KAMPAKUKI",1018-04-23,2000-04-23
1019,98,408,4,2,"SHOYUKI",1019-04-08,2000-04-08
1020,NA,NA,NA,NA,"-",NA,NA
1021,NA,NA,NA,NA,"-",NA,NA
1022,NA,NA,NA,NA,"-",NA,NA
1023,NA,NA,NA,NA,"-",NA,NA
1024,NA,NA,NA,NA,"-",NA,NA
1025,NA,NA,NA,NA,"-",NA,NA
1026,NA,NA,NA,NA,"-",NA,NA
1027,NA,NA,NA,NA,"-",NA,NA
1028,NA,NA,NA,NA,"-",NA,NA
1029,116,426,1,2,"REKIDAI-HENNEN-SHUSEI",1029-04-26,2000-04-26
1030,NA,NA,NA,NA,"-",NA,NA
1031,97,407,4,2,"SHOYUKI",1031-04-07,2000-04-07
1032,111,420,5,2,"NIHONKIRYAKU",1032-04-20,2000-04-20
1033,102,412,5,4,"NIHONKIRYAKU",1033-04-12,2000-04-12
1034,96,406,5,8,"EST-from-WF(EIGA-MONOGATARI)",1034-04-06,2000-04-06
1035,NA,NA,NA,NA,"-",NA,NA
1036,104,413,5,4,"NIHONKIRYAKU",1036-04-13,2000-04-13
1037,NA,NA,NA,NA,"-",NA,NA
1038,NA,NA,NA,NA,"-",NA,NA
1039,NA,NA,NA,NA,"-",NA,NA
1040,NA,NA,NA,NA,"-",NA,NA
1041,103,413,1,2,"FUSO-RYAKKI",1041-04-13,2000-04-13
1042,NA,NA,NA,NA,"-",NA,NA
1043,NA,NA,NA,NA,"-",NA,NA
1044,NA,NA,NA,NA,"-",NA,NA
1045,NA,NA,NA,NA,"-",NA,NA
1046,103,413,7,1,"EIGA-MONOGATARI(NEAWASE)",1046-04-13,2000-04-13
1047,NA,NA,NA,NA,"-",NA,NA
1048,112,421,6,3,"IETSUNE-ASON-SHU",1048-04-21,2000-04-21
1049,NA,NA,NA,NA,"-",NA,NA
1050,105,415,7,2,"EIGA-MONOGATARI(NEAWASE)",1050-04-15,2000-04-15
1051,NA,NA,NA,NA,"-",NA,NA
1052,NA,NA,NA,NA,"-",NA,NA
1053,NA,NA,NA,NA,"-",NA,NA
1054,NA,NA,NA,NA,"-",NA,NA
1055,NA,NA,NA,NA,"-",NA,NA
1056,NA,NA,NA,NA,"-",NA,NA
1057,NA,NA,NA,NA,"-",NA,NA
1058,NA,NA,NA,NA,"-",NA,NA
1059,NA,NA,NA,NA,"-",NA,NA
1060,108,417,5,4,"SHIN-SENZAI-WAKASHU",1060-04-17,2000-04-17
1061,92,402,6,4,"MOROZANE-SHU",1061-04-02,2000-04-02
1062,NA,NA,NA,NA,"-",NA,NA
1063,NA,NA,NA,NA,"-",NA,NA
1064,NA,NA,NA,NA,"-",NA,NA
1065,NA,NA,NA,NA,"-",NA,NA
1066,105,415,3,2,"SUISAKI",1066-04-15,2000-04-15
1067,NA,NA,NA,NA,"-",NA,NA
1068,NA,NA,NA,NA,"-",NA,NA
1069,NA,NA,NA,NA,"-",NA,NA
1070,NA,NA,NA,NA,"-",NA,NA
1071,113,423,7,2,"SHUGAKKAIKI",1071-04-23,2000-04-23
1072,NA,NA,NA,NA,"-",NA,NA
1073,103,413,7,2,"EIGA-MONOGATARI(MATSUNO-SHIDUE)",1073-04-13,2000-04-13
1074,NA,NA,NA,NA,"-",NA,NA
1075,NA,NA,NA,NA,"-",NA,NA
1076,NA,NA,NA,NA,"-",NA,NA
1077,NA,NA,NA,NA,"-",NA,NA
1078,NA,NA,NA,NA,"-",NA,NA
1079,NA,NA,NA,NA,"-",NA,NA
1080,102,411,3,2,"SUISAKI",1080-04-11,2000-04-11
1081,NA,NA,NA,NA,"-",NA,NA
1082,NA,NA,NA,NA,"-",NA,NA
1083,96,406,3,1,"GONIJO-MOROMICHIKI",1083-04-06,2000-04-06
1084,120,429,5,4,"ZOKU-GOSEN-WAKASHU",1084-04-29,2000-04-29
1085,NA,NA,NA,NA,"-",NA,NA
1086,NA,NA,NA,NA,"-",NA,NA
1087,NA,NA,NA,NA,"-",NA,NA
1088,104,413,3,2,"GONIJO-MOROMICHIKI",1088-04-13,2000-04-13
1089,NA,NA,NA,NA,"-",NA,NA
1090,105,415,3,2,"GONIJO-MOROMICHIKI",1090-04-15,2000-04-15
1091,NA,NA,NA,NA,"-",NA,NA
1092,NA,NA,NA,NA,"-",NA,NA
1093,105,415,3,2,"GONIJO-MOROMICHIKI",1093-04-15,2000-04-15
1094,NA,NA,NA,NA,"-",NA,NA
1095,100,410,5,4,"CHUYUKI",1095-04-10,2000-04-10
1096,96,405,3,2,"GONIJO-MOROMICHIKI",1096-04-05,2000-04-05
1097,NA,NA,NA,NA,"-",NA,NA
1098,100,410,4,2,"CHUYUKI",1098-04-10,2000-04-10
1099,103,413,3,1,"GONIJO-MOROMICHIKI",1099-04-13,2000-04-13
1100,NA,NA,NA,NA,"-",NA,NA
1101,NA,NA,NA,NA,"-",NA,NA
1102,104,414,4,3,"CHUYUKI",1102-04-14,2000-04-14
1103,NA,NA,NA,NA,"-",NA,NA
1104,108,417,4,2,"DENRYAKU",1104-04-17,2000-04-17
1105,114,424,1,2,"CHUYUKI",1105-04-24,2000-04-24
1106,NA,NA,NA,NA,"-",NA,NA
1107,105,415,3,2,"CHUYUKI",1107-04-15,2000-04-15
1108,NA,NA,NA,NA,"-",NA,NA
1109,NA,NA,NA,NA,"-",NA,NA
1110,NA,NA,NA,NA,"-",NA,NA
1111,113,423,3,2,"EISHOKI",1111-04-23,2000-04-23
1112,104,413,5,1,"CHUYUKI",1112-04-13,2000-04-13
1113,NA,NA,NA,NA,"-",NA,NA
1114,100,410,4,2,"DENRYAKU",1114-04-10,2000-04-10
1115,NA,NA,NA,NA,"-",NA,NA
1116,NA,NA,NA,NA,"-",NA,NA
1117,109,419,4,2,"DENRYAKU",1117-04-19,2000-04-19
1118,102,412,3,2,"MISSHU-KETSUMYAKUSHO",1118-04-12,2000-04-12
1119,NA,NA,NA,NA,"-",NA,NA
1120,104,413,3,2,"DAIGO-ZOJIKI",1120-04-13,2000-04-13
1121,NA,NA,NA,NA,"-",NA,NA
1122,NA,NA,NA,NA,"-",NA,NA
1123,112,422,3,2,"DAIGO-ZOJIKI",1123-04-22,2000-04-22
1124,98,407,3,2,"DAIGO-ZOJIKI",1124-04-07,2000-04-07
1125,111,421,4,2,"DAIGOJI-ZATSUYO",1125-04-21,2000-04-21
1126,108,418,4,2,"DAIGOJI-ZATSUYO",1126-04-18,2000-04-18
1127,107,417,3,2,"DAIGO-ZOJIKI",1127-04-17,2000-04-17
1128,111,420,3,2,"DAIGO-ZOJIKI",1128-04-20,2000-04-20
1129,106,416,3,2,"DAIGO-ZOJIKI",1129-04-16,2000-04-16
1130,103,413,3,2,"DAIGO-ZOJIKI",1130-04-13,2000-04-13
1131,103,413,4,2,"DAIGOJI-ZATSUYO",1131-04-13,2000-04-13
1132,NA,NA,NA,NA,"-",NA,NA
1133,NA,NA,NA,NA,"-",NA,NA
1134,106,416,4,2,"DAIGOJI-ZATSUYO",1134-04-16,2000-04-16
1135,NA,NA,NA,NA,"-",NA,NA
1136,NA,NA,NA,NA,"-",NA,NA
1137,NA,NA,NA,NA,"-",NA,NA
1138,NA,NA,NA,NA,"-",NA,NA
1139,113,423,4,2,"DAIGOJI-ZATSUYO",1139-04-23,2000-04-23
1140,103,412,3,2,"DAIGO-ZOJIKI",1140-04-12,2000-04-12
1141,111,421,4,2,"DAIGOJI-ZATSUYO",1141-04-21,2000-04-21
1142,NA,NA,NA,NA,"-",NA,NA
1143,110,420,4,2,"DAIGOJI-ZATSUYO",1143-04-20,2000-04-20
1144,NA,NA,NA,NA,"-",NA,NA
1145,107,417,5,2,"TAIKI",1145-04-17,2000-04-17
1146,NA,NA,NA,NA,"-",NA,NA
1147,NA,NA,NA,NA,"-",NA,NA
1148,NA,NA,NA,NA,"-",NA,NA
1149,NA,NA,NA,NA,"-",NA,NA
1150,NA,NA,NA,NA,"-",NA,NA
1151,109,419,7,8,"EST-from-WF(HONCHO-SEIKI)",1151-04-19,2000-04-19
1152,NA,NA,NA,NA,"-",NA,NA
1153,NA,NA,NA,NA,"-",NA,NA
1154,96,406,5,2,"TAIKI",1154-04-06,2000-04-06
1155,NA,NA,NA,NA,"-",NA,NA
1156,90,330,2,2,NA,1156-03-30,2000-03-30
1157,NA,NA,NA,NA,"-",NA,NA
1158,NA,NA,NA,NA,"-",NA,NA
1159,103,413,4,2,"DAIGOJI-ZATSUYO",1159-04-13,2000-04-13
1160,NA,NA,NA,NA,"-",NA,NA
1161,112,422,4,2,"DAIGOJI-ZATSUYO",1161-04-22,2000-04-22
1162,NA,NA,NA,NA,"-",NA,NA
1163,112,422,4,2,"DAIGOJI-ZATSUYO",1163-04-22,2000-04-22
1164,100,409,4,2,"DAIGOJI-ZATSUYO",1164-04-09,2000-04-09
1165,106,416,4,2,"DAIGOJI-ZATSUYO",1165-04-16,2000-04-16
1166,95,405,4,2,"DAIGOJI-ZATSUYO",1166-04-05,2000-04-05
1167,111,421,4,2,"DAIGOJI-ZATSUYO",1167-04-21,2000-04-21
1168,NA,NA,NA,NA,"-",NA,NA
1169,112,422,4,2,"DAIGOJI-ZATSUYO",1169-04-22,2000-04-22
1170,113,423,4,2,"DAIGOJI-ZATSUYO",1170-04-23,2000-04-23
1171,NA,NA,NA,NA,"-",NA,NA
1172,103,412,4,2,"DAIGOJI-ZATSUYO",1172-04-12,2000-04-12
1173,117,427,4,2,"DAIGOJI-ZATSUYO",1173-04-27,2000-04-27
1174,112,422,4,2,"DAIGOJI-ZATSUYO",1174-04-22,2000-04-22
1175,113,423,4,2,"DAIGOJI-ZATSUYO",1175-04-23,2000-04-23
1176,113,422,3,2,"TAKAKURAIN-ANGEN-ONGAKI",1176-04-22,2000-04-22
1177,NA,NA,NA,NA,"-",NA,NA
1178,NA,NA,NA,NA,"-",NA,NA
1179,103,413,1,2,"SANKAIKI",1179-04-13,2000-04-13
1180,98,407,5,1,"MEIGETSUKI",1180-04-07,2000-04-07
1181,NA,NA,NA,NA,"-",NA,NA
1182,104,414,6,4,"TSUKIMOUDE-WAKASHU(PART-3)",1182-04-14,2000-04-14
1183,101,411,4,2,"DAIGOJI-ZATSUYO",1183-04-11,2000-04-11
1184,115,424,5,1,"GYOKUYO",1184-04-24,2000-04-24
1185,115,425,3,2,"DAIGO-ZOJIKI",1185-04-25,2000-04-25
1186,NA,NA,NA,NA,"-",NA,NA
1187,104,414,4,2,"SAKURAE-RUIJU",1187-04-14,2000-04-14
1188,107,416,3,2,"SAKURAE-RUIJU",1188-04-16,2000-04-16
1189,NA,NA,NA,NA,"-",NA,NA
1190,112,422,5,4,"SHUGYOKU-SHU",1190-04-22,2000-04-22
1191,106,416,3,2,"GYOKUYO",1191-04-16,2000-04-16
1192,NA,NA,NA,NA,"-",NA,NA
1193,NA,NA,NA,NA,"-",NA,NA
1194,119,429,4,2,"NAKASUKEOKI",1194-04-29,2000-04-29
1195,NA,NA,NA,NA,"-",NA,NA
1196,NA,NA,NA,NA,"-",NA,NA
1197,NA,NA,NA,NA,"-",NA,NA
1198,NA,NA,NA,NA,"-",NA,NA
1199,109,419,4,1,"INOKUMA-KAMPAKUKI",1199-04-19,2000-04-19
1200,104,413,4,1,"INOKUMA-KAMPAKUKI",1200-04-13,2000-04-13
1201,96,406,5,4,"INOKUMA-KAMPAKUKI",1201-04-06,2000-04-06
1202,106,416,5,1,"MEIGETSUKI",1202-04-16,2000-04-16
1203,105,415,3,2,"(SHIRYO-SORAN)",1203-04-15,2000-04-15
1204,110,419,5,2,"MEIGETSUKI",1204-04-19,2000-04-19
1205,105,415,5,2,"MEIGETSUKI",1205-04-15,2000-04-15
1206,NA,NA,NA,NA,"-",NA,NA
1207,104,414,5,2,"MEIGETSUKI",1207-04-14,2000-04-14
1208,NA,NA,NA,NA,"-",NA,NA
1209,NA,NA,NA,NA,"-",NA,NA
1210,112,422,3,2,"ASUKAI-SHU",1210-04-22,2000-04-22
1211,NA,NA,NA,NA,"-",NA,NA
1212,98,407,5,2,"GYOKUSOU",1212-04-07,2000-04-07
1213,107,417,3,2,"SHIKIN-WAKASO",1213-04-17,2000-04-17
1214,102,412,3,2,"(SHIRYO-SORAN)",1214-04-12,2000-04-12
1215,108,418,5,2,"MICHIIEKO-MARINIKKI",1215-04-18,2000-04-18
1216,101,410,5,4,"JUNTOKUIN-GYOSHU",1216-04-10,2000-04-10
1217,NA,NA,NA,NA,"-",NA,NA
1218,NA,NA,NA,NA,"-",NA,NA
1219,101,411,5,4,"JUNTOKUIN-GYOSHU",1219-04-11,2000-04-11
1220,109,418,7,9,"EST-from-KJ(NORIMUNE-SHU)",1220-04-18,2000-04-18
1221,99,409,5,4,"SHUI-GUSO",1221-04-09,2000-04-09
1222,NA,NA,NA,NA,"-",NA,NA
1223,116,426,5,4,"MITSUTSUNE-SHU",1223-04-26,2000-04-26
1224,NA,NA,NA,NA,"-",NA,NA
1225,105,415,5,1,"MEIGETSUKI",1225-04-15,2000-04-15
1226,106,416,5,2,"MEIGETSUKI",1226-04-16,2000-04-16
1227,111,421,5,2,"MEIGETSUKI",1227-04-21,2000-04-21
1228,NA,NA,NA,NA,"-",NA,NA
1229,97,407,5,2,"MEIGETSUKI",1229-04-07,2000-04-07
1230,102,412,1,1,"MEIGETSUKI",1230-04-12,2000-04-12
1231,101,411,4,1,"MINKEIKI",1231-04-11,2000-04-11
1232,92,401,5,1,"MINKEIKI",1232-04-01,2000-04-01
1233,105,415,5,2,"MEIGETSUKI",1233-04-15,2000-04-15
1234,NA,NA,NA,NA,"-",NA,NA
1235,110,420,5,1,"MEIGETSUKI",1235-04-20,2000-04-20
1236,87,327,7,4,"SHIIBA-WAKASHU",1236-03-27,2000-03-27
1237,NA,NA,NA,NA,"-",NA,NA
1238,NA,NA,NA,NA,"-",NA,NA
1239,NA,NA,NA,NA,"-",NA,NA
1240,106,415,5,2,"SAMPOIN-MONJO",1240-04-15,2000-04-15
1241,NA,NA,NA,NA,"-",NA,NA
1242,NA,NA,NA,NA,"-",NA,NA
1243,NA,NA,NA,NA,"-",NA,NA
1244,108,417,4,2,"HEIKOKI",1244-04-17,2000-04-17
1245,108,418,4,2,"HEIKOKI",1245-04-18,2000-04-18
1246,98,408,5,1,"MASUKAGAMI",1246-04-08,2000-04-08
1247,106,416,1,2,"ZOKU-HONCHOTSUKAN",1247-04-16,2000-04-16
1248,NA,NA,NA,NA,"-",NA,NA
1249,108,418,3,2,"BENN-NO-NAISHI-NIKKI",1249-04-18,2000-04-18
1250,116,426,3,1,"BENN-NO-NAISHI-NIKKI",1250-04-26,2000-04-26
1251,100,410,3,1,"BENN-NO-NAISHI-NIKKI",1251-04-10,2000-04-10
1252,NA,NA,NA,NA,"-",NA,NA
1253,NA,NA,NA,NA,"-",NA,NA
1254,110,420,4,2,"SAKURAE-RUIJU",1254-04-20,2000-04-20
1255,NA,NA,NA,NA,"-",NA,NA
1256,NA,NA,NA,NA,"-",NA,NA
1257,94,404,3,2,"TSUNETOSHI-KYOKI",1257-04-04,2000-04-04
1258,NA,NA,NA,NA,"-",NA,NA
1259,96,406,3,1,"MASUKAGAMI",1259-04-06,2000-04-06
1260,NA,NA,NA,NA,"-",NA,NA
1261,NA,NA,NA,NA,"-",NA,NA
1262,97,407,7,9,"EST-from-KJ(KUJOKE-REKISEI-KIROKU)",1262-04-07,2000-04-07
1263,120,430,1,2,"ZOKU-HONCHOTSUKAN",1263-04-30,2000-04-30
1264,103,412,5,2,"ZOKU-SHIGUSHO",1264-04-12,2000-04-12
1265,98,408,6,4,"TAMEIE-SHU",1265-04-08,2000-04-08
1266,NA,NA,NA,NA,"-",NA,NA
1267,105,415,4,2,"MISININ-KAMPAKUKI",1267-04-15,2000-04-15
1268,103,412,6,4,"TAMEIE-SHU",1268-04-12,2000-04-12
1269,100,410,3,4,"ZOKU-SHIGUSHO",1269-04-10,2000-04-10
1270,NA,NA,NA,NA,"-",NA,NA
1271,100,410,5,4,"DAINAGON-TAMEIE-SHU",1271-04-10,2000-04-10
1272,NA,NA,NA,NA,"-",NA,NA
1273,NA,NA,NA,NA,"-",NA,NA
1274,NA,NA,NA,NA,"-",NA,NA
1275,107,417,7,3,"TOWAZUGATARI",1275-04-17,2000-04-17
1276,NA,NA,NA,NA,"-",NA,NA
1277,NA,NA,NA,NA,"-",NA,NA
1278,113,423,1,2,"ZOKU-SHIGUSHO(DAIGO)",1278-04-23,2000-04-23
1279,101,411,3,2,"KANCHUKI",1279-04-11,2000-04-11
1280,102,411,5,2,"HARUNO-MIYAMAJI",1280-04-11,2000-04-11
1281,NA,NA,NA,NA,"-",NA,NA
1282,NA,NA,NA,NA,"-",NA,NA
1283,103,413,3,2,"(SHIRYO-SORAN)",1283-04-13,2000-04-13
1284,102,411,3,1,"NAKANOTSUKASA-NIKKI",1284-04-11,2000-04-11
1285,105,415,1,2,"ZOKU-HONCHOTSUKAN",1285-04-15,2000-04-15
1286,112,422,1,2,"ZOKU-SHIGUSHO",1286-04-22,2000-04-22
1287,110,420,3,2,"SANEMI-KYOKI",1287-04-20,2000-04-20
1288,108,417,3,2,"NAKANOTSUKASA-NIKKI",1288-04-17,2000-04-17
1289,107,417,3,4,"NAKANOTSUKASA-NIKKI",1289-04-17,2000-04-17
1290,NA,NA,NA,NA,"-",NA,NA
1291,NA,NA,NA,NA,"-",NA,NA
1292,107,416,4,2,"SANEMI-KYOKI",1292-04-16,2000-04-16
1293,NA,NA,NA,NA,"-",NA,NA
1294,101,411,3,2,"KANCHUKI",1294-04-11,2000-04-11
1295,102,412,4,2,"(DAINIHON-SHIRYO)",1295-04-12,2000-04-12
1296,NA,NA,NA,NA,"-",NA,NA
1297,NA,NA,NA,NA,"-",NA,NA
1298,NA,NA,NA,NA,"-",NA,NA
1299,NA,NA,NA,NA,"-",NA,NA
1300,NA,NA,NA,NA,"-",NA,NA
1301,95,405,4,4,"SANEMI-KYOKI",1301-04-05,2000-04-05
1302,96,406,1,2,"ZOKU-SHIGUSHO",1302-04-06,2000-04-06
1303,NA,NA,NA,NA,"-",NA,NA
1304,NA,NA,NA,NA,"-",NA,NA
1305,NA,NA,NA,NA,"-",NA,NA
1306,NA,NA,NA,NA,"-",NA,NA
1307,104,414,1,2,"ZOKU-SHIGUSHO",1307-04-14,2000-04-14
1308,NA,NA,NA,NA,"-",NA,NA
1309,NA,NA,NA,NA,"-",NA,NA
1310,NA,NA,NA,NA,"-",NA,NA
1311,94,404,3,2,"ENTAIRYAKU",1311-04-04,2000-04-04
1312,100,409,3,2,"HANAZONOTENNO-SHINKI",1312-04-09,2000-04-09
1313,NA,NA,NA,NA,"-",NA,NA
1314,101,411,3,2,"HANAZONOTENNO-SHINKI",1314-04-11,2000-04-11
1315,111,421,3,2,"ZOKU-SHIGUSHO",1315-04-21,2000-04-21
1316,103,412,1,2,"ZOKU-SHIGUSHO",1316-04-12,2000-04-12
1317,102,412,2,2,"HANAZONOTENNO-SHINKI",1317-04-12,2000-04-12
1318,NA,NA,NA,NA,"-",NA,NA
1319,116,426,3,2,"HANAZONOTENNO-SHINKI",1319-04-26,2000-04-26
1320,NA,NA,NA,NA,"-",NA,NA
1321,102,412,3,2,"HANAZONOTENNO-SHINKI",1321-04-12,2000-04-12
1322,106,416,1,2,"HANAZONOTENNO-SHINKI",1322-04-16,2000-04-16
1323,124,504,1,2,"HANAZONOTENNO-SHINKI",1323-05-04,2000-05-04
1324,98,407,5,4,"HANAZONOTENNO-SHINKI",1324-04-07,2000-04-07
1325,NA,NA,NA,NA,"-",NA,NA
1326,107,417,1,2,"ZOKU-SHIGUSHO",1326-04-17,2000-04-17
1327,NA,NA,NA,NA,"-",NA,NA
1328,NA,NA,NA,NA,"-",NA,NA
1329,112,422,7,9,"EST-from-KJ(SHOKA-WAKASHU)",1329-04-22,2000-04-22
1330,108,418,7,4,"RINEI-WAKASHU",1330-04-18,2000-04-18
1331,112,422,1,2,"ZOKU-SHIGUSHO",1331-04-22,2000-04-22
1332,115,424,1,2,"ZOKU-HONCHOTSUKAN",1332-04-24,2000-04-24
1333,NA,NA,NA,NA,"-",NA,NA
1334,NA,NA,NA,NA,"-",NA,NA
1335,NA,NA,NA,NA,"-",NA,NA
1336,NA,NA,NA,NA,"-",NA,NA
1337,NA,NA,NA,NA,"-",NA,NA
1338,NA,NA,NA,NA,"-",NA,NA
1339,NA,NA,NA,NA,"-",NA,NA
1340,NA,NA,NA,NA,"-",NA,NA
1341,NA,NA,NA,NA,"-",NA,NA
1342,110,420,3,2,"MICHIFUYU-KYOKI",1342-04-20,2000-04-20
1343,NA,NA,NA,NA,"-",NA,NA
1344,102,411,1,2,"ZOKU-SHIGUSHO",1344-04-11,2000-04-11
1345,NA,NA,NA,NA,"-",NA,NA
1346,107,417,1,2,"ENTAIRYAKU",1346-04-17,2000-04-17
1347,109,419,1,2,"MOROMORIKI",1347-04-19,2000-04-19
1348,NA,NA,NA,NA,"-",NA,NA
1349,112,422,3,2,"ZOKU-SHIGUSHO",1349-04-22,2000-04-22
1350,101,411,3,2,"(SHIRYO-SORAN)",1350-04-11,2000-04-11
1351,115,425,3,2,"(SHIRYO-SORAN)",1351-04-25,2000-04-25
1352,NA,NA,NA,NA,"-",NA,NA
1353,NA,NA,NA,NA,"-",NA,NA
1354,NA,NA,NA,NA,"-",NA,NA
1355,NA,NA,NA,NA,"-",NA,NA
1356,117,426,3,2,"MOROMORIKI",1356-04-26,2000-04-26
1357,107,417,2,2,"ENTAIRYAKU",1357-04-17,2000-04-17
1358,110,420,3,2,"GUKANKI",1358-04-20,2000-04-20
1359,105,415,3,2,"GUKANKI",1359-04-15,2000-04-15
1360,101,410,3,2,"GUKANKI",1360-04-10,2000-04-10
1361,108,418,3,2,"GUKANKI",1361-04-18,2000-04-18
1362,NA,NA,NA,NA,"-",NA,NA
1363,107,417,3,2,"MOROMORIKI",1363-04-17,2000-04-17
1364,110,419,3,2,"MOROMORIKI",1364-04-19,2000-04-19
1365,NA,NA,NA,NA,"-",NA,NA
1366,112,422,2,2,"ZOKU-HONCHOTSUKAN",1366-04-22,2000-04-22
1367,97,407,3,2,"GUKANKI",1367-04-07,2000-04-07
1368,88,328,3,1,"GUKANKI",1368-03-28,2000-03-28
1369,94,404,3,2,"GOGUMAISHO",1369-04-04,2000-04-04
1370,109,419,3,2,"GOGUMAISHO",1370-04-19,2000-04-19
1371,NA,NA,NA,NA,"-",NA,NA
1372,102,411,7,8,"EST-from-WF(GUKANKI)",1372-04-11,2000-04-11
1373,110,420,3,2,"GUKANKI",1373-04-20,2000-04-20
1374,NA,NA,NA,NA,"-",NA,NA
1375,103,413,3,2,"GUKANKI",1375-04-13,2000-04-13
1376,99,408,3,2,"GUKANKI",1376-04-08,2000-04-08
1377,105,415,5,1,"KUJO-TADAMOTO-NIKKI",1377-04-15,2000-04-15
1378,104,414,3,2,"(SHIRYO-SORAN)",1378-04-14,2000-04-14
1379,103,413,3,1,"GUKANKI",1379-04-13,2000-04-13
1380,102,411,7,8,"EST-from-WF(ZOKU-SHIGUSHO)",1380-04-11,2000-04-11
1381,108,418,3,2,"EITOKU-GANNEN-GYOKO-SHIIKA",1381-04-18,2000-04-18
1382,105,415,3,2,"KUGE-NICHIYO-KUFU-RYAKUSHU",1382-04-15,2000-04-15
1383,102,412,3,1,"KUGE-NICHIYO-KUFU-RYAKUSHU",1383-04-12,2000-04-12
1384,98,407,3,2,"KUGE-NICHIYO-KUFU-RYAKUSHU",1384-04-07,2000-04-07
1385,99,409,3,2,"ATOKAGAMI",1385-04-09,2000-04-09
1386,105,415,3,2,"ATOKAGAMI",1386-04-15,2000-04-15
1387,100,410,3,2,"SANEFUYU-KOKI",1387-04-10,2000-04-10
1388,99,408,3,1,"KANENOBU-KOKI",1388-04-08,2000-04-08
1389,NA,NA,NA,NA,"-",NA,NA
1390,NA,NA,NA,NA,"-",NA,NA
1391,NA,NA,NA,NA,"-",NA,NA
1392,NA,NA,NA,NA,"-",NA,NA
1393,NA,NA,NA,NA,"-",NA,NA
1394,NA,NA,NA,NA,"-",NA,NA
1395,NA,NA,NA,NA,"-",NA,NA
1396,NA,NA,NA,NA,"-",NA,NA
1397,NA,NA,NA,NA,"-",NA,NA
1398,106,416,4,2,"GEIYOKI",1398-04-16,2000-04-16
1399,NA,NA,NA,NA,"-",NA,NA
1400,NA,NA,NA,NA,"-",NA,NA
1401,101,411,3,2,"ATOKAGAMI",1401-04-11,2000-04-11
1402,103,413,3,2,"YOSHIDAKE-HINAMIKI",1402-04-13,2000-04-13
1403,104,414,4,2,"YOSHIDAKE-HINAMIKI",1403-04-14,2000-04-14
1404,NA,NA,NA,NA,"-",NA,NA
1405,NA,NA,NA,NA,"-",NA,NA
1406,102,412,3,2,"(SHIRYO-SORAN)",1406-04-12,2000-04-12
1407,101,411,3,2,"(SHIRYO-SORAN)",1407-04-11,2000-04-11
1408,111,420,3,2,"ZOKU-HONCHOTSUKAN",1408-04-20,2000-04-20
1409,86,327,4,2,"(DAINIHON-SHIRYO)",1409-03-27,2000-03-27
1410,102,412,4,2,"NORITOKI-KYOKI",1410-04-12,2000-04-12
1411,NA,NA,NA,NA,"-",NA,NA
1412,93,402,4,2,"(DAINIHON-SHIRYO)",1412-04-02,2000-04-02
1413,91,401,4,2,"ATOKAGAMI",1413-04-01,2000-04-01
1414,NA,NA,NA,NA,"-",NA,NA
1415,105,415,4,2,"(DAINIHON-SHIRYO)",1415-04-15,2000-04-15
1416,101,410,3,1,"KANMON-GYOKI(FUSHIMI)",1416-04-10,2000-04-10
1417,109,419,4,2,"(DAINIHON-SHIRYO)",1417-04-19,2000-04-19
1418,98,408,3,2,"KANMON-GYOKI",1418-04-08,2000-04-08
1419,100,410,3,2,"KANMON-GYOKI(FUSHIMI)",1419-04-10,2000-04-10
1420,112,421,3,2,"KANMON-GYOKI(FUSHIMI)",1420-04-21,2000-04-21
1421,99,409,3,1,"KANMON-GYOKI(FUSHIMI)",1421-04-09,2000-04-09
1422,109,419,1,2,"YASUTOMIKI",1422-04-19,2000-04-19
1423,96,406,3,1,"KANMON-GYOKI(FUSHIMI)",1423-04-06,2000-04-06
1424,103,412,3,2,"KANMON-GYOKI(FUSHIMI)",1424-04-12,2000-04-12
1425,98,408,3,1,"KANMON-GYOKI(FUSHIMI)",1425-04-08,2000-04-08
1426,99,409,1,2,"MANZAIJUNGO-NIKKI(DAIGO)",1426-04-09,2000-04-09
1427,102,412,4,1,"MANZAIJUNGO-NIKKI(DAIGO)",1427-04-12,2000-04-12
1428,NA,NA,NA,NA,"-",NA,NA
1429,98,408,3,1,"MANZAIJUNGO-NIKKI(DAIGO)",1429-04-08,2000-04-08
1430,108,418,1,2,"MANZAIJUNGO-NIKKI(DAIGO)",1430-04-18,2000-04-18
1431,102,412,3,2,"MANZAIJUNGO-NIKKI(DAIGO)",1431-04-12,2000-04-12
1432,104,413,1,2,"MANZAIJUNGO-NIKKI(DAIGO)",1432-04-13,2000-04-13
1433,98,408,3,2,"MANZAIJUNGO-NIKKI(DAIGO)",1433-04-08,2000-04-08
1434,113,423,3,1,"MANZAIJUNGO-NIKKI(DAIGO)",1434-04-23,2000-04-23
1435,95,405,3,1,"KANMON-GYOKI(FUSHIMI)",1435-04-05,2000-04-05
1436,101,410,3,2,"KANMON-GYOKI(FUSHIMI)",1436-04-10,2000-04-10
1437,103,413,3,1,"KANMON-GYOKI",1437-04-13,2000-04-13
1438,99,409,3,2,"INRYOGEN-NICHIROKU",1438-04-09,2000-04-09
1439,101,411,3,2,"INRYOGEN-NICHIROKU",1439-04-11,2000-04-11
1440,98,407,4,2,"MOROSATOKI",1440-04-07,2000-04-07
1441,105,415,3,2,"INRYOGEN-NICHIROKU",1441-04-15,2000-04-15
1442,NA,NA,NA,NA,"-",NA,NA
1443,107,417,1,2,"KANMON-GYOKI",1443-04-17,2000-04-17
1444,109,418,3,2,"YASUTOMIKI",1444-04-18,2000-04-18
1445,NA,NA,NA,NA,"-",NA,NA
1446,108,418,3,2,"GYOUKO-HOIN-NIKKI",1446-04-18,2000-04-18
1447,111,421,3,4,"SOKONSHU",1447-04-21,2000-04-21
1448,96,405,3,2,"YASUTOMIKI",1448-04-05,2000-04-05
1449,95,405,3,2,"ZOKU-HONCHOTSUKAN",1449-04-05,2000-04-05
1450,100,410,2,1,"YASUTOMIKI",1450-04-10,2000-04-10
1451,103,413,2,1,"YASUTOMIKI",1451-04-13,2000-04-13
1452,92,401,1,2,"ZOKU-SHIGUSHO",1452-04-01,2000-04-01
1453,107,417,3,4,"SOKONSHU",1453-04-17,2000-04-17
1454,105,415,3,4,"SOKONSHU",1454-04-15,2000-04-15
1455,96,406,3,1,"GAUN-NIKKENROKU-BATSUYU",1455-04-06,2000-04-06
1456,106,415,1,2,"MOROSATOKI",1456-04-15,2000-04-15
1457,105,415,1,2,"ZOKU-HONCHOTSUKAN",1457-04-15,2000-04-15
1458,112,422,1,2,"INRYOGEN-NICHIROKU",1458-04-22,2000-04-22
1459,113,423,1,2,"INRYOGEN-NICHIROKU",1459-04-23,2000-04-23
1460,111,420,1,2,"INRYOGEN-NICHIROKU",1460-04-20,2000-04-20
1461,106,416,3,2,"INRYOGEN-NICHIROKU",1461-04-16,2000-04-16
1462,106,416,1,2,"INRYOGEN-NICHIROKU",1462-04-16,2000-04-16
1463,101,411,3,2,"INRYOGEN-NICHIROKU",1463-04-11,2000-04-11
1464,104,413,1,2,"INRYOGEN-NICHIROKU",1464-04-13,2000-04-13
1465,98,408,1,2,"INRYOGEN-NICHIROKU",1465-04-08,2000-04-08
1466,105,415,1,2,"INRYOGEN-NICHIROKU",1466-04-15,2000-04-15
1467,101,411,7,8,"EST-from-WF(GOHOKOINKI)",1467-04-11,2000-04-11
1468,101,410,1,1,"HEKIZAN-NICHIROKU",1468-04-10,2000-04-10
1469,NA,NA,NA,NA,"-",NA,NA
1470,NA,NA,NA,NA,"-",NA,NA
1471,NA,NA,NA,NA,"-",NA,NA
1472,114,423,3,2,"CHIKANAGA-KYOKI",1472-04-23,2000-04-23
1473,NA,NA,NA,NA,"-",NA,NA
1474,98,408,3,4,"ENROKUCHOKASHU",1474-04-08,2000-04-08
1475,NA,NA,NA,NA,"-",NA,NA
1476,100,409,3,2,"SANETAKA-KOKI",1476-04-09,2000-04-09
1477,110,420,3,1,"OYUDONONO-UENO-NIKKI",1477-04-20,2000-04-20
1478,115,425,3,1,"SANETAKA-KOKI",1478-04-25,2000-04-25
1479,110,420,3,2,"SANETAKA-KOKI",1479-04-20,2000-04-20
1480,104,413,4,3,"OYUDONONO-UENO-NIKKI [EDA]",1480-04-13,2000-04-13
1481,106,416,1,2,"SANETAKA-KOKI",1481-04-16,2000-04-16
1482,108,418,3,1,"OYUDONONO-UENO-NIKKI",1482-04-18,2000-04-18
1483,101,411,3,2,"OYUDONONO-UENO-NIKKI",1483-04-11,2000-04-11
1484,97,406,1,2,"OYUDONONO-UENO-NIKKI",1484-04-06,2000-04-06
1485,94,404,1,1,"OYUDONONO-UENO-NIKKI",1485-04-04,2000-04-04
1486,99,409,1,1,"OYUDONONO-UENO-NIKKI",1486-04-09,2000-04-09
1487,93,403,1,1,"SANETAKA-KOKI",1487-04-03,2000-04-03
1488,103,412,3,1,"OYUDONONO-UENO-NIKKI",1488-04-12,2000-04-12
1489,100,410,3,2,"(SHIRYO-SHORAN)",1489-04-10,2000-04-10
1490,97,407,3,1,"INRYOGEN-NICHIROKU",1490-04-07,2000-04-07
1491,107,417,3,2,"SANETAKA-KOKI",1491-04-17,2000-04-17
1492,108,417,3,2,"OYUDONONO-UENO-NIKKI",1492-04-17,2000-04-17
1493,100,410,3,2,"OYUDONONO-UENO-NIKKI",1493-04-10,2000-04-10
1494,106,416,3,2,"OYUDONONO-UENO-NIKKI",1494-04-16,2000-04-16
1495,94,404,1,2,"OYUDONONO-UENO-NIKKI",1495-04-04,2000-04-04
1496,97,406,3,2,"OYUDONONO-UENO-NIKKI",1496-04-06,2000-04-06
1497,108,418,3,2,"CHIKANAGA-KYOKI",1497-04-18,2000-04-18
1498,97,407,1,2,"OYUDONONO-UENO-NIKKI",1498-04-07,2000-04-07
1499,111,421,1,2,"OYUDONONO-UENO-NIKKI",1499-04-21,2000-04-21
1500,97,407,1,2,"OYUDONONO-UENO-NIKKI",1500-04-07,2000-04-07
1501,103,413,1,2,"SANETAKA-KOKI",1501-04-13,2000-04-13
1502,115,425,3,1,"NOBUTANE-KYOKI",1502-04-25,2000-04-25
1503,108,418,3,2,"SANETAKA-KOKI",1503-04-18,2000-04-18
1504,114,423,3,1,"SANETAKA-KOKI",1504-04-23,2000-04-23
1505,106,416,1,2,"NISUIKI",1505-04-16,2000-04-16
1506,106,416,1,1,"MOTONAGA-KYOKI",1506-04-16,2000-04-16
1507,108,418,1,2,"MOTONAGA-KYOKI",1507-04-18,2000-04-18
1508,111,420,1,2,"SANETAKA-KOKI",1508-04-20,2000-04-20
1509,102,412,1,2,"SANETAKA-KOKI",1509-04-12,2000-04-12
1510,110,420,1,2,"SANETAKA-KOKI",1510-04-20,2000-04-20
1511,111,421,1,2,"SANETAKA-KOKI",1511-04-21,2000-04-21
1512,109,418,1,2,"SANETAKA-KOKI",1512-04-18,2000-04-18
1513,110,420,1,2,"SANETAKA-KOKI",1513-04-20,2000-04-20
1514,105,415,2,2,"MORIMITSU-KOKI",1514-04-15,2000-04-15
1515,111,421,3,2,"SAISHOSO",1515-04-21,2000-04-21
1516,104,413,3,2,"SAISHOSO",1516-04-13,2000-04-13
1517,106,416,1,2,"NISUIKI",1517-04-16,2000-04-16
1518,115,425,1,1,"NISUIKI",1518-04-25,2000-04-25
1519,111,421,1,2,"NISUIKI",1519-04-21,2000-04-21
1520,105,414,1,2,"NISUIKI",1520-04-14,2000-04-14
1521,107,417,1,1,"NISUIKI",1521-04-17,2000-04-17
1522,103,413,1,2,"NISUIKI",1522-04-13,2000-04-13
1523,109,419,3,2,"SANETAKA-KOKI",1523-04-19,2000-04-19
1524,109,418,1,1,"SANETAKA-KOKI",1524-04-18,2000-04-18
1525,104,414,1,2,"NISUIKI",1525-04-14,2000-04-14
1526,113,423,7,2,"NISUIKI",1526-04-23,2000-04-23
1527,105,415,1,2,"NISUIKI",1527-04-15,2000-04-15
1528,106,415,1,2,"NISUIKI",1528-04-15,2000-04-15
1529,107,417,1,2,"SANETAKA-KOKI",1529-04-17,2000-04-17
1530,107,417,1,2,"NISUIKI",1530-04-17,2000-04-17
1531,103,413,1,2,"NISUIKI",1531-04-13,2000-04-13
1532,108,417,1,2,"SANETAKA-KOKI",1532-04-17,2000-04-17
1533,111,421,3,3,"OYUDONONO-UENO-NIKKI [EDA]",1533-04-21,2000-04-21
1534,108,418,3,4,"GONARAIN-GYOSEI-BASSHO",1534-04-18,2000-04-18
1535,95,405,3,1,"GONARAIN-SHINNKI",1535-04-05,2000-04-05
1536,108,417,4,3,"OYUDONONO-UENO-NIKKI [EDA]",1536-04-17,2000-04-17
1537,108,418,4,3,"OYUDONONO-UENO-NIKKI [EDA]",1537-04-18,2000-04-18
1538,112,422,3,2,"NINAGAWA-CHIKATOSHI-NIKKI",1538-04-22,2000-04-22
1539,120,430,4,3,"OYUDONONO-UENO-NIKKI [EDA]",1539-04-30,2000-04-30
1540,122,501,3,3,"OYUDONONO-UENO-NIKKI [EDA]",1540-05-01,2000-05-01
1541,109,419,3,3,"OYUDONONO-UENO-NIKKI [EDA]",1541-04-19,2000-04-19
1542,102,412,3,1,"TOKITSUGU-KYOKI",1542-04-12,2000-04-12
1543,119,429,3,3,"OYUDONONO-UENO-NIKKI [EDA]",1543-04-29,2000-04-29
1544,107,416,2,2,"TOKITSUGU-KYOKI",1544-04-16,2000-04-16
1545,97,407,4,3,"OYUDONONO-UENO-NIKKI [EDA]",1545-04-07,2000-04-07
1546,112,422,3,2,"TOKITSUGU-KYOKI",1546-04-22,2000-04-22
1547,104,414,4,3,"OYUDONONO-UENO-NIKKI [EDA]",1547-04-14,2000-04-14
1548,118,427,3,2,"TOKITSUGU-KYOKI",1548-04-27,2000-04-27
1549,117,427,4,3,"(SHIRYO-SORAN)",1549-04-27,2000-04-27
1550,111,421,3,2,"TOKITSUGU-KYOKI",1550-04-21,2000-04-21
1551,109,419,4,3,"OYUDONONO-UENO-NIKKI [EDA]",1551-04-19,2000-04-19
1552,104,413,3,2,"TOKITSUGU-KYOKI",1552-04-13,2000-04-13
1553,119,429,4,3,"OYUDONONO-UENO-NIKKI [EDA]",1553-04-29,2000-04-29
1554,NA,NA,NA,NA,"-",NA,NA
1555,101,411,3,2,"OYUDONONO-UENO-NIKKI",1555-04-11,2000-04-11
1556,120,429,4,3,"OYUDONONO-UENO-NIKKI [EDA]",1556-04-29,2000-04-29
1557,93,403,3,2,"TOKITSUGU-KYOKI",1557-04-03,2000-04-03
1558,111,421,4,3,"OYUDONONO-UENO-NIKKI [EDA]",1558-04-21,2000-04-21
1559,96,406,3,2,"OYUDONONO-UENO-NIKKI",1559-04-06,2000-04-06
1560,100,409,2,2,"DAINIHON-SHIRYO",1560-04-09,2000-04-09
1561,102,412,3,2,"OYUDONONO-UENO-NIKKI",1561-04-12,2000-04-12
1562,99,409,3,2,"OYUDONONO-UENO-NIKKI [EDA]",1562-04-09,2000-04-09
1563,99,409,4,2,"(SHIRYO-SORAN)",1563-04-09,2000-04-09
1564,109,418,3,2,"OYUDONONO-UENO-NIKKI",1564-04-18,2000-04-18
1565,114,424,2,2,"(SHIRYO-SORAN)",1565-04-24,2000-04-24
1566,97,407,2,2,"(SHIRYO-SORAN)",1566-04-07,2000-04-07
1567,108,418,3,2,"OYUDONONO-UENO-NIKKI",1567-04-18,2000-04-18
1568,106,415,3,2,"ATOKAGAMI",1568-04-15,2000-04-15
1569,NA,NA,NA,NA,"-",NA,NA
1570,112,422,3,1,"TOKITSUGU-KYOKI",1570-04-22,2000-04-22
1571,108,418,4,3,"OYUDONONO-UENO-NIKKI [EDA]",1571-04-18,2000-04-18
1572,107,416,4,3,"OYUDONONO-UENO-NIKKI [EDA]",1572-04-16,2000-04-16
1573,NA,NA,NA,NA,"-",NA,NA
1574,98,408,7,8,"EST-from-WF(MASAATSUKYO-EISO)",1574-04-08,2000-04-08
1575,NA,NA,NA,NA,"-",NA,NA
1576,109,418,3,3,"OYUDONONO-UENO-NIKKI [EDA]",1576-04-18,2000-04-18
1577,100,410,3,1,"SHINCHO-KOKI",1577-04-10,2000-04-10
1578,NA,NA,NA,NA,"-",NA,NA
1579,102,412,2,2,"DAINIHON-SHIRYO",1579-04-12,2000-04-12
1580,97,406,2,2,"DAINIHON-SHIRYO",1580-04-06,2000-04-06
1581,105,415,4,3,"OYUDONONO-UENO-NIKKI [EDA]",1581-04-15,2000-04-15
1582,NA,NA,NA,NA,"-",NA,NA
1583,108,418,3,1,"OYUDONONO-UENO-NIKKI",1583-04-18,2000-04-18
1584,106,415,3,2,"SHUNKYUKI(DAIGO)",1584-04-15,2000-04-15
1585,105,415,1,2,"UNONOMONDOKI",1585-04-15,2000-04-15
1586,106,416,3,2,"OYUDONONO-UENO-NIKKI",1586-04-16,2000-04-16
1587,105,415,3,3,"OYUDONONO-UENO-NIKKI",1587-04-15,2000-04-15
1588,106,415,2,2,NA,1588-04-15,2000-04-15
1589,105,415,3,2,"OYUDONONO-UENO-NIKKI",1589-04-15,2000-04-15
1590,102,412,4,2,"(SHIRYO-SORAN)",1590-04-12,2000-04-12
1591,94,404,4,2,"HARETOYOKI",1591-04-04,2000-04-04
1592,98,407,4,4,"TOKITSUNE-KYOKI",1592-04-07,2000-04-07
1593,113,423,4,2,"TOKITSUNE-KYOKI(DAIGO)",1593-04-23,2000-04-23
1594,93,403,4,2,"(DAINIHON-SHIRYO(FUSHIMI))",1594-04-03,2000-04-03
1595,111,421,3,3,"OYUDONONO-UENO-NIKKI",1595-04-21,2000-04-21
1596,104,413,3,2,"GIENJUNKO-NIKKI(DAIGO)",1596-04-13,2000-04-13
1597,114,424,1,2,"GIENJUNKO-NIKKI(DAIGO)",1597-04-24,2000-04-24
1598,110,420,3,2,"GIENJUNKO-NIKKI(DAIGO)",1598-04-20,2000-04-20
1599,103,413,3,2,"GIENJUNKO-NIKKI(DAIGO)",1599-04-13,2000-04-13
1600,101,410,3,2,"GIENJUNKO-NIKKI(DAIGO)",1600-04-10,2000-04-10
1601,93,403,3,1,"GIENJUNKO-NIKKI(DAIGO)",1601-04-03,2000-04-03
1602,107,417,3,1,"GIENJUNKO-NIKKI(DAIGO)",1602-04-17,2000-04-17
1603,99,409,3,1,"GIENJUNKO-NIKKI(DAIGO)",1603-04-09,2000-04-09
1604,95,404,3,1,"GIENJUNKO-NIKKI(DAIGO)",1604-04-04,2000-04-04
1605,105,415,1,1,"TOKIYOSHI-KYOKI",1605-04-15,2000-04-15
1606,106,416,1,2,"TOKIYOSHI-KYOKI",1606-04-16,2000-04-16
1607,110,420,3,2,"SHUNKYUKI(DAIGO)",1607-04-20,2000-04-20
1608,NA,NA,NA,NA,"-",NA,NA
1609,108,418,1,2,"TOKIYOSHI-KYOKI",1609-04-18,2000-04-18
1610,110,420,3,2,"KEICHO-NIKKENROKU",1610-04-20,2000-04-20
1611,NA,NA,NA,NA,"-",NA,NA
1612,87,327,1,1,"GIENJUNKO-NIKKI(DAIGO)",1612-03-27,2000-03-27
1613,106,416,1,2,"TOKIYOSHI-KYOKI",1613-04-16,2000-04-16
1614,103,413,3,1,"TOKIYOSHI-KYOKI",1614-04-13,2000-04-13
1615,110,420,4,2,"YASUSHIGE-KYOKI",1615-04-20,2000-04-20
1616,122,501,4,2,"YASUSHIGE-KYOKI",1616-05-01,2000-05-01
1617,107,417,4,2,"YASUSHIGE-KYOKI",1617-04-17,2000-04-17
1618,102,412,3,1,"TOKIYOSHI-KYOKI",1618-04-12,2000-04-12
1619,93,403,3,2,"(DAINIHON-SHIRYO)",1619-04-03,2000-04-03
1620,NA,NA,NA,NA,"-",NA,NA
1621,109,419,4,2,"(DAINIHON-SHIRYO)",1621-04-19,2000-04-19
1622,106,416,1,2,"RYOGEN-IN-KI",1622-04-16,2000-04-16
1623,113,423,4,2,"YASUSHIGE-KYOKI",1623-04-23,2000-04-23
1624,112,421,4,1,"YASUSHIGE-KYOKI",1624-04-21,2000-04-21
1625,95,405,3,2,"OYUDONONO-UENO-NIKKI",1625-04-05,2000-04-05
1626,100,410,3,2,"(SHIRYO-SORAN)",1626-04-10,2000-04-10
1627,NA,NA,NA,NA,"-",NA,NA
1628,104,413,3,1,"ROKUON-NICHIROKU",1628-04-13,2000-04-13
1629,112,422,4,1,"YASUSHIGE-KYOKI",1629-04-22,2000-04-22
1630,NA,NA,NA,NA,"-",NA,NA
1631,NA,NA,NA,NA,"-",NA,NA
1632,104,413,3,1,"TOKIYOSHI-KYOKI",1632-04-13,2000-04-13
1633,98,408,1,2,"OUCHI-NIKKI",1633-04-08,2000-04-08
1634,96,406,4,2,"MICHIFUSA-KOKI",1634-04-06,2000-04-06
1635,97,407,3,2,"(SHIRYO-SORAN)",1635-04-07,2000-04-07
1636,NA,NA,NA,NA,"-",NA,NA
1637,105,415,3,2,"TOKIYOSHI-KYOKI",1637-04-15,2000-04-15
1638,105,415,3,2,"KAKUMEIKI",1638-04-15,2000-04-15
1639,108,418,3,2,"KAKUMEIKI",1639-04-18,2000-04-18
1640,103,412,3,4,"KYOHAKUSHU",1640-04-12,2000-04-12
1641,117,427,4,2,"HIRAMATSUKE-HINAMI-SHIKI",1641-04-27,2000-04-27
1642,114,424,4,2,"HIRAMATSUKE-HINAMI-SHIKI",1642-04-24,2000-04-24
1643,114,424,3,2,"KAKUMEIKI",1643-04-24,2000-04-24
1644,105,414,4,2,"HIRAMATSU-TOKIMORIKI",1644-04-14,2000-04-14
1645,99,409,4,2,"HIRAMATSU-TOKIMORIKI",1645-04-09,2000-04-09
1646,87,328,4,2,"SHOHO-2-NEN-IKO-NIKKI",1646-03-28,2000-03-28
1647,112,422,3,2,"KAKUMEIKI",1647-04-22,2000-04-22
1648,NA,NA,NA,NA,"-",NA,NA
1649,104,414,4,2,"KAKUMEIKI",1649-04-14,2000-04-14
1650,102,412,3,2,"KAKUMEIKI",1650-04-12,2000-04-12
1651,107,417,1,2,"ZOKU-SHIGUSHO",1651-04-17,2000-04-17
1652,107,416,3,2,"KAKUMEIKI",1652-04-16,2000-04-16
1653,112,422,3,2,"KAKUMEIKI",1653-04-22,2000-04-22
1654,104,414,3,2,"KAKUMEIKI",1654-04-14,2000-04-14
1655,104,414,3,2,"ISHIKAWA-NIKKI",1655-04-14,2000-04-14
1656,103,412,3,1,"ISHIKAWA-NIKKI",1656-04-12,2000-04-12
1657,NA,NA,NA,NA,"-",NA,NA
1658,108,418,4,2,"KAKUMEIKI",1658-04-18,2000-04-18
1659,NA,NA,NA,NA,"-",NA,NA
1660,111,420,3,2,"KAKUMEIKI",1660-04-20,2000-04-20
1661,93,403,7,4,"BURUI-GENYO-WAKASHU",1661-04-03,2000-04-03
1662,110,420,4,1,"KAKUMEIKI",1662-04-20,2000-04-20
1663,105,415,3,2,"KAKUMEIKI",1663-04-15,2000-04-15
1664,105,414,3,2,"KAKUMEIKI",1664-04-14,2000-04-14
1665,112,422,3,2,"KAKUMEIKI",1665-04-22,2000-04-22
1666,108,418,4,2,"KIMITOSHI-KYOKI",1666-04-18,2000-04-18
1667,112,422,7,2,"HAMURO-YORINARI-KI",1667-04-22,2000-04-22
1668,110,419,3,2,"GYOJO-HOSSINNO-NIKKI [TOYOKUNI]",1668-04-19,2000-04-19
1669,104,414,7,2,"HAMURO-YORINARI-KI",1669-04-14,2000-04-14
1670,102,412,3,1,"GYOJO-HOSSINNO-NIKKI",1670-04-12,2000-04-12
1671,116,426,3,2,"GYOJO-HOSSINNO-NIKKI [KINDAI]",1671-04-26,2000-04-26
1672,112,421,3,1,"GYOJO-HOSSINNO-NIKKI [SEIRYODEN]",1672-04-21,2000-04-21
1673,105,415,6,1,"MUJOHOINDONO-GONIKKI",1673-04-15,2000-04-15
1674,115,425,3,2,"GYOJO-HOSSINNO-NIKKI",1674-04-25,2000-04-25
1675,111,421,3,1,"GYOJO-HOSSINNO-NIKKI [TOJI]",1675-04-21,2000-04-21
1676,103,412,3,2,"GYOJO-HOSSINNO-NIKKI",1676-04-12,2000-04-12
1677,96,406,7,1,"MUJOHOINDONO-GONIKKI",1677-04-06,2000-04-06
1678,109,419,3,1,"GYOJO-HOSSINNO-NIKKI [HIGASHI-IWAKURA]",1678-04-19,2000-04-19
1679,114,424,7,2,"MUJOHOINDONO-GONIKKI",1679-04-24,2000-04-24
1680,109,418,3,1,"GYOJO-HOSSINNO-NIKKI [KIYOMIZU-CHIONIN]",1680-04-18,2000-04-18
1681,110,420,3,3,"OYUDONONO-UENO-NIKKI [EDA]",1681-04-20,2000-04-20
1682,104,414,3,1,"GYOJO-HOSSINNO-NIKKI [HIGASHIYAMA]",1682-04-14,2000-04-14
1683,108,418,3,2,"ITO-JINSAI-NIKKI",1683-04-18,2000-04-18
1684,118,427,3,1,"GYOJO-HOSSINNO-NIKKI [HIGASHIYAMA]",1684-04-27,2000-04-27
1685,106,416,3,3,"OYUDONONO-UENO-NIKKI [EDA]",1685-04-16,2000-04-16
1686,104,414,3,1,"GYOJO-HOSSINNO-NIKKI",1686-04-14,2000-04-14
1687,104,414,3,1,"GYOJO-HOSSINNO-NIKKI [HIGASHIYAMA]",1687-04-14,2000-04-14
1688,114,423,3,2,"GYOJO-HOSSINNO-NIKKI",1688-04-23,2000-04-23
1689,97,407,3,1,"GYOJO-HOSSINNO-NIKKI [KOSAKATEI]",1689-04-07,2000-04-07
1690,93,403,3,2,"GYOJO-HOSSINNO-NIKKI [KOSAKATEI]",1690-04-03,2000-04-03
1691,103,413,3,2,"GYOJO-HOSSINNO-NIKKI [HIGASHIYAMA]",1691-04-13,2000-04-13
1692,109,418,3,2,"GYOJO-HOSSINNO-NIKKI [CHIONIN]",1692-04-18,2000-04-18
1693,107,417,3,2,"GYOJO-HOSSINNO-NIKKI [HIGASHIYAMA]",1693-04-17,2000-04-17
1694,109,419,3,2,"MYOHOIN-HINAMIKI",1694-04-19,2000-04-19
1695,120,430,3,2,"MYOHOIN-HINAMIKI",1695-04-30,2000-04-30
1696,114,423,4,1,"MOTOKAZU-KYOKI",1696-04-23,2000-04-23
1697,111,421,4,2,"SADAMOTO-KYOKI",1697-04-21,2000-04-21
1698,101,411,4,2,"MOTOKAZU-KYOKI",1698-04-11,2000-04-11
1699,97,407,4,2,"MOTOHIRO-KOKI",1699-04-07,2000-04-07
1700,116,426,3,2,"CHIONIN-NICHIKAGAMI",1700-04-26,2000-04-26
1701,112,422,4,2,"MOTOKAZU-KYOKI",1701-04-22,2000-04-22
1702,116,426,4,2,"MOTOHIRO-KOKI",1702-04-26,2000-04-26
1703,103,413,3,1,"MYOHOIN-HINAMIKI",1703-04-13,2000-04-13
1704,113,422,3,2,"MYOHOIN-HINAMIKI",1704-04-22,2000-04-22
1705,109,419,3,1,"MYOHOIN-HINAMIKI",1705-04-19,2000-04-19
1706,115,425,4,1,"KANEKA-KYOKI",1706-04-25,2000-04-25
1707,111,421,3,1,"MYOHOIN-HINAMIKI",1707-04-21,2000-04-21
1708,103,412,4,1,"MOTOHIRO-KOKI",1708-04-12,2000-04-12
1709,106,416,4,2,"MOTOHIRO-KOKI",1709-04-16,2000-04-16
1710,NA,NA,NA,NA,"-",NA,NA
1711,NA,NA,NA,NA,"-",NA,NA
1712,NA,NA,NA,NA,"-",NA,NA
1713,104,414,3,1,"MYOHOIN-HINAMIKI",1713-04-14,2000-04-14
1714,108,418,3,1,"MYOHOIN-HINAMIKI",1714-04-18,2000-04-18
1715,107,417,3,2,"CHIONIN-NICHIKAGAMI",1715-04-17,2000-04-17
1716,110,419,3,1,"MYOHOIN-HINAMIKI",1716-04-19,2000-04-19
1717,98,408,4,1,"MOTOHIRO-KOKI",1717-04-08,2000-04-08
1718,102,412,4,1,"MOTOHIRO-KOKI",1718-04-12,2000-04-12
1719,102,412,4,1,"MOTOHIRO-KOKI",1719-04-12,2000-04-12
1720,114,423,4,1,"NAKANOIN-MICHIEDAKI",1720-04-23,2000-04-23
1721,95,405,4,1,"MOTOHIRO-KOKI",1721-04-05,2000-04-05
1722,100,410,4,1,"MOTOHIRO-KOKI",1722-04-10,2000-04-10
1723,104,414,4,1,"KIMIAKI-KYOKI",1723-04-14,2000-04-14
1724,99,408,3,2,"MYOHOIN-HINAMIKI",1724-04-08,2000-04-08
1725,106,416,4,2,"MOTONAGA-KYOKI",1725-04-16,2000-04-16
1726,116,426,3,2,"KAIKI",1726-04-26,2000-04-26
1727,112,422,3,2,"KAIKI",1727-04-22,2000-04-22
1728,104,413,3,2,"KAIKI",1728-04-13,2000-04-13
1729,105,415,4,1,"MYOHOIN-HINAMIKI",1729-04-15,2000-04-15
1730,NA,NA,NA,NA,"-",NA,NA
1731,104,414,4,2,"MITSUTSUNA-KYOKI",1731-04-14,2000-04-14
1732,108,417,3,2,"GYOKYO-HOSSINNO-NIKKI",1732-04-17,2000-04-17
1733,107,417,3,2,"MYOHOIN-HINAMIKI",1733-04-17,2000-04-17
1734,102,412,3,2,"MYOHOIN-HINAMIKI [ARASHIYAMA]",1734-04-12,2000-04-12
1735,101,411,3,2,"MYOHOIN-HINAMIKI",1735-04-11,2000-04-11
1736,106,415,4,1,"MICHIE-KOKI",1736-04-15,2000-04-15
1737,93,403,3,2,"MYOHOIN-HINAMIKI",1737-04-03,2000-04-03
1738,101,411,4,2,"MYOHOIN-HINAMIKI",1738-04-11,2000-04-11
1739,110,420,4,2,"MICHIE-KOKI",1739-04-20,2000-04-20
1740,115,424,4,2,"MYOHOIN-HINAMIKI",1740-04-24,2000-04-24
1741,109,419,4,2,"MYOHOIN-HINAMIKI",1741-04-19,2000-04-19
1742,109,419,4,2,"MYOHOIN-HINAMIKI",1742-04-19,2000-04-19
1743,108,418,4,2,"MYOHOIN-HINAMIKI",1743-04-18,2000-04-18
1744,98,407,4,1,"MYOHOIN-HINAMIKI",1744-04-07,2000-04-07
1745,105,415,4,1,"MICHIE-KOKI",1745-04-15,2000-04-15
1746,110,420,4,2,"MICHIE-KOKI",1746-04-20,2000-04-20
1747,101,411,4,1,"MICHIE-KOKI",1747-04-11,2000-04-11
1748,96,405,4,2,"MYOHOIN-HINAMIKI",1748-04-05,2000-04-05
1749,100,410,4,1,"MYOHOIN-HINAMIKI",1749-04-10,2000-04-10
1750,110,420,4,2,"MYOHOIN-HINAMIKI",1750-04-20,2000-04-20
1751,103,413,4,2,"NAKANOIN-MICHIEDAKI",1751-04-13,2000-04-13
1752,110,419,4,1,"NAKANOIN-MICHIEDAKI",1752-04-19,2000-04-19
1753,96,406,4,1,"NAKANOIN-MICHIEDAKI",1753-04-06,2000-04-06
1754,115,425,4,2,"SADAYUKI-KYOKI",1754-04-25,2000-04-25
1755,120,430,4,1,"SADAYUKI-KYOKI",1755-04-30,2000-04-30
1756,109,418,3,1,"NORINAGA-ZAIKYO-NIKKI",1756-04-18,2000-04-18
1757,112,422,4,2,"MYOHOIN-HINAMIKI",1757-04-22,2000-04-22
1758,101,411,4,2,"MYOHOIN-HINAMIKI",1758-04-11,2000-04-11
1759,109,419,4,2,"MYOHOIN-HINAMIKI",1759-04-19,2000-04-19
1760,103,412,4,2,"MYOHOIN-HINAMIKI",1760-04-12,2000-04-12
1761,89,330,4,2,"MYOHOIN-HINAMIKI",1761-03-30,2000-03-30
1762,106,416,4,2,"MYOHOIN-HINAMIKI",1762-04-16,2000-04-16
1763,112,422,4,1,"MYOHOIN-HINAMIKI",1763-04-22,2000-04-22
1764,98,407,4,2,"GOSAKURAMACHI-TENNNOU-SHINKI",1764-04-07,2000-04-07
1765,106,416,4,2,"GOSAKURAMACHI-TENNNOU-SHINKI",1765-04-16,2000-04-16
1766,113,423,4,2,"GOSAKURAMACHI-TENNNOU-SHINKI",1766-04-23,2000-04-23
1767,101,411,4,2,"GOSAKURAMACHI-TENNNOU-SHINKI",1767-04-11,2000-04-11
1768,117,426,4,1,"SADAHARU-KYOKI",1768-04-26,2000-04-26
1769,105,415,6,2,"YANAGIHARA-KOREMITSU-NIKKI",1769-04-15,2000-04-15
1770,105,415,4,2,"(SHIRYO-KOHON)",1770-04-15,2000-04-15
1771,104,414,4,2,"(SHIRYO-KOHON)",1771-04-14,2000-04-14
1772,106,415,4,2,"GOSAKURAMACHI-TENNNOU-SHINKI",1772-04-15,2000-04-15
1773,100,410,3,2,"ZOKU-SHIGUSHO",1773-04-10,2000-04-10
1774,110,420,4,2,"GOSAKURAMACHI-TENNNOU-SHINKI",1774-04-20,2000-04-20
1775,99,409,4,2,"GOMOMOZONO-TENNNOU-SHINKI",1775-04-09,2000-04-09
1776,108,417,4,2,"TERUYOSHI-KOKI",1776-04-17,2000-04-17
1777,104,414,3,1,"MORIYAMA-TAKAMORI-NIKKI",1777-04-14,2000-04-14
1778,111,421,4,3,"TERUYOSHI-KOKI",1778-04-21,2000-04-21
1779,96,406,4,2,"MYOHOIN-HINAMIKI",1779-04-06,2000-04-06
1780,109,418,4,2,"TERUYOSHI-KOKI",1780-04-18,2000-04-18
1781,91,401,4,3,"MYOHOIN-HINAMIKI",1781-04-01,2000-04-01
1782,109,419,4,2,"TERUYOSHI-KOKI",1782-04-19,2000-04-19
1783,103,413,3,1,"SUGIURAKE-NIKKI",1783-04-13,2000-04-13
1784,105,414,3,1,"SUGIURAKE-NIKKI",1784-04-14,2000-04-14
1785,108,418,3,1,"SUGIURAKE-NIKKI",1785-04-18,2000-04-18
1786,106,416,3,1,"SUGIURAKE-NIKKI",1786-04-16,2000-04-16
1787,105,415,3,1,"SUGIURAKE-NIKKI",1787-04-15,2000-04-15
1788,109,418,4,1,"TERUYOSHI-KOKI",1788-04-18,2000-04-18
1789,106,416,4,1,"KOUKANSIYU-NIKKI",1789-04-16,2000-04-16
1790,119,429,4,2,"SUGIURAKE-NIKKI",1790-04-29,2000-04-29
1791,99,409,3,1,"SUGIURAKE-NIKKI",1791-04-09,2000-04-09
1792,101,410,4,1,"TERUYOSHI-KOKI",1792-04-10,2000-04-10
1793,106,416,4,2,"TERUYOSHI-KOKI",1793-04-16,2000-04-16
1794,104,414,3,1,"SUGIURAKE-NIKKI",1794-04-14,2000-04-14
1795,113,423,4,1,"TERUYOSHI-KOKI",1795-04-23,2000-04-23
1796,103,412,4,2,"SUGIURAKE-NIKKI",1796-04-12,2000-04-12
1797,97,407,4,2,"TADAYOSHI-KOKI",1797-04-07,2000-04-07
1798,110,420,3,1,"SUGIURAKE-NIKKI",1798-04-20,2000-04-20
1799,103,413,3,1,"SUGIURAKE-NIKKI",1799-04-13,2000-04-13
1800,103,413,3,1,"SUGIURAKE-NIKKI",1800-04-13,2000-04-13
1801,105,415,3,1,"SUGIURAKE-NIKKI",1801-04-15,2000-04-15
1802,96,406,4,1,"SUGIURAKE-NIKKI",1802-04-06,2000-04-06
1803,110,420,3,1,"SUGIURAKE-NIKKI",1803-04-20,2000-04-20
1804,104,413,3,1,"SUGIURAKE-NIKKI",1804-04-13,2000-04-13
1805,93,403,3,1,"SUGIURAKE-NIKKI",1805-04-03,2000-04-03
1806,114,424,3,1,"SUGIURAKE-NIKKI",1806-04-24,2000-04-24
1807,116,426,3,1,"SUGIURAKE-NIKKI",1807-04-26,2000-04-26
1808,98,407,3,1,"SUGIURAKE-NIKKI",1808-04-07,2000-04-07
1809,107,417,3,1,"SUGIURAKE-NIKKI",1809-04-17,2000-04-17
1810,100,410,3,1,"SUGIURAKE-NIKKI",1810-04-10,2000-04-10
1811,110,420,3,1,"SUGIURAKE-NIKKI",1811-04-20,2000-04-20
1812,120,429,3,1,"SUGIURAKE-NIKKI",1812-04-29,2000-04-29
1813,107,417,4,2,"SANEHISA-KYOKI",1813-04-17,2000-04-17
1814,113,423,3,1,"RAI-SANYO-NIPPU",1814-04-23,2000-04-23
1815,111,421,4,1,"SADANAKA-KYOKI",1815-04-21,2000-04-21
1816,103,412,4,1,"HARU-NO-NISHIKI",1816-04-12,2000-04-12
1817,110,420,4,1,"SADANAKA-KYOKI",1817-04-20,2000-04-20
1818,106,416,4,1,"HIRAMATSUKE-NIKKI",1818-04-16,2000-04-16
1819,106,416,3,1,"RAI-BAISHI-NIKKI",1819-04-16,2000-04-16
1820,95,404,3,2,"RAI-SANYO-NIPPU",1820-04-04,2000-04-04
1821,109,419,4,2,"SANEHISA-KYOKI",1821-04-19,2000-04-19
1822,102,412,3,2,"RAI-SANYO-NIPPU",1822-04-12,2000-04-12
1823,106,416,3,2,"RAI-SANYO-NIPPU",1823-04-16,2000-04-16
1824,108,417,3,1,"RAI-BAISHI-NIKKI",1824-04-17,2000-04-17
1825,114,424,4,2,"SANEHISA-KYOKI",1825-04-24,2000-04-24
1826,109,419,3,2,"RAI-SANYO-NIPPU",1826-04-19,2000-04-19
1827,100,410,3,2,"RAI-BAISHI-NIKKI",1827-04-10,2000-04-10
1828,113,422,3,2,"RAI-SANYO-NIPPU",1828-04-22,2000-04-22
1829,112,422,3,1,"RAI-BAISHI-NIKKI",1829-04-22,2000-04-22
1830,105,415,3,2,"RAI-SANYO-NIPPU",1830-04-15,2000-04-15
1831,114,424,3,2,"RAI-SANYO-NIPPU",1831-04-24,2000-04-24
1832,113,422,3,1,"GAKUSUI-NIKKI",1832-04-22,2000-04-22
1833,107,417,3,2,"GAKUSUI-NIKKI",1833-04-17,2000-04-17
1834,111,421,3,2,"SUGIURAKE-NIKKI",1834-04-21,2000-04-21
1835,112,422,3,2,"SUGIURAKE-NIKKI",1835-04-22,2000-04-22
1836,112,421,4,1,"FUDEMAKASE",1836-04-21,2000-04-21
1837,111,421,3,2,"SUGIURAKE-NIKKI",1837-04-21,2000-04-21
1838,109,419,3,2,"SUGIURAKE-NIKKI",1838-04-19,2000-04-19
1839,120,430,3,2,"SUGIURAKE-NIKKI",1839-04-30,2000-04-30
1840,105,414,3,2,"SUGIURAKE-NIKKI",1840-04-14,2000-04-14
1841,107,417,3,2,"KYOJIN-HOSSINNO-NIKKI",1841-04-17,2000-04-17
1842,96,406,3,2,"KYOJIN-HOSSINNO-NIKKI",1842-04-06,2000-04-06
1843,106,416,4,1,"SANEAKIRA-KYOKI",1843-04-16,2000-04-16
1844,106,415,4,2,"SANEAKIRA-KYOKI",1844-04-15,2000-04-15
1845,102,412,4,2,"SANEAKIRA-KYOKI",1845-04-12,2000-04-12
1846,98,408,4,4,"TEIEN-EISO",1846-04-08,2000-04-08
1847,107,417,1,1,"MADENOKOJI-NIKKI",1847-04-17,2000-04-17
1848,102,411,3,2,"MIAKE-SHONOSUKE-NIKKI",1848-04-11,2000-04-11
1849,100,410,4,1,"SANEAKIRA-KYOKI",1849-04-10,2000-04-10
1850,109,419,3,1,"SUGIURAKE-NIKKI",1850-04-19,2000-04-19
1851,102,412,1,2,"MADENOKOJI-NIKKI",1851-04-12,2000-04-12
1852,113,422,4,1,"SADANAKA-KYOKI",1852-04-22,2000-04-22
1853,102,412,1,1,"MADENOKOJI-NIKKI",1853-04-12,2000-04-12
1854,102,412,3,2,"TAKOYAKUSHI-MACHINIKKI",1854-04-12,2000-04-12
1855,101,411,4,1,"SADANAKA-KYOKI",1855-04-11,2000-04-11
1856,111,420,7,1,"TAKAGI-ZAICHU-NIKKI",1856-04-20,2000-04-20
1857,108,418,4,1,"HANA-NO-SHITABUSHI",1857-04-18,2000-04-18
1858,104,414,7,1,"TAKAGI-ZAICHU-NIKKI",1858-04-14,2000-04-14
1859,110,420,3,2,"NAKAYAMAISAKO-NIKKI",1859-04-20,2000-04-20
1860,113,422,7,2,"TAKAGI-ZAICHU-NIKKI",1860-04-22,2000-04-22
1861,100,410,7,1,"TAKAGI-ZAICHU-NIKKI",1861-04-10,2000-04-10
1862,117,427,3,2,"KOMEI-TENNOKI",1862-04-27,2000-04-27
1863,118,428,4,4,"YATAKA-SHU",1863-04-28,2000-04-28
1864,105,414,1,1,"MADENOKOJI-NIKKI",1864-04-14,2000-04-14
1865,97,407,7,1,"TAKAGI-ZAICHU-NIKKI",1865-04-07,2000-04-07
1866,102,412,3,2,"KOMEI-TENNOKI",1866-04-12,2000-04-12
1867,101,411,4,2,"OZAKITADAMASA-NIKKI",1867-04-11,2000-04-11
1868,104,413,7,2,"GAKKAI-NICHIROKU",1868-04-13,2000-04-13
1869,105,415,7,2,"TAKAGI-ZAICHU-NIKKI",1869-04-15,2000-04-15
1870,99,409,7,1,"TAKAGI-ZAICHU-NIKKI",1870-04-09,2000-04-09
1871,104,414,7,1,"TAKAGI-ZAICHU-NIKKI",1871-04-14,2000-04-14
1872,NA,NA,NA,NA,"-",NA,NA
1873,104,414,7,2,"HAYAMIKE-NIKKI",1873-04-14,2000-04-14
1874,107,417,7,2,"HAYAMIKE-NIKKI",1874-04-17,2000-04-17
1875,103,413,7,2,"HAYAMIKE-NIKKI",1875-04-13,2000-04-13
1876,111,420,7,2,"HAYAMIKE-NIKKI",1876-04-20,2000-04-20
1877,104,414,3,1,"SUGIURAKE-NIKKI",1877-04-14,2000-04-14
1878,101,411,7,2,"HAYAMIKE-NIKKI",1878-04-11,2000-04-11
1879,102,412,3,2,"SUGIURAKE-NIKKI",1879-04-12,2000-04-12
1880,110,419,3,2,"SUGIURAKE-NIKKI",1880-04-19,2000-04-19
1881,112,422,3,1,"UEKI-SHISEI-NIKKI",1881-04-22,2000-04-22
1882,97,407,3,1,"SUGIURAKE-NIKKI",1882-04-07,2000-04-07
1883,107,417,3,2,"SUGIURAKE-NIKKI",1883-04-17,2000-04-17
1884,109,418,3,2,"SUGIURAKE-NIKKI",1884-04-18,2000-04-18
1885,113,423,4,2,"NEWS-PAPER(ARASHIYAMA)",1885-04-23,2000-04-23
1886,108,418,3,2,"SUGIURAKE-NIKKI",1886-04-18,2000-04-18
1887,109,419,4,2,"NEWS-PAPER(ARASHIYAMA)",1887-04-19,2000-04-19
1888,107,416,4,0,"NEWS-PAPER(ARASHIYAMA)",1888-04-16,2000-04-16
1889,109,419,4,0,"NEWS-PAPER(ARASHIYAMA)",1889-04-19,2000-04-19
1890,98,408,4,0,"UEKI-SHISEI-NIKKI",1890-04-08,2000-04-08
1891,99,409,4,0,"NEWS-PAPER(ARASHIYAMA)",1891-04-09,2000-04-09
1892,115,424,4,0,"NEWS-PAPER(ARASHIYAMA)",1892-04-24,2000-04-24
1893,109,419,4,0,"NEWS-PAPER(ARASHIYAMA)",1893-04-19,2000-04-19
1894,98,408,4,0,"NEWS-PAPER(ARASHIYAMA)",1894-04-08,2000-04-08
1895,NA,NA,NA,NA,"-",NA,NA
1896,106,415,4,0,"NEWS-PAPER(ARASHIYAMA)",1896-04-15,2000-04-15
1897,106,416,4,0,"NEWS-PAPER(ARASHIYAMA)",1897-04-16,2000-04-16
1898,108,418,4,0,"NEWS-PAPER(ARASHIYAMA)",1898-04-18,2000-04-18
1899,99,409,4,0,"NEWS-PAPER(ARASHIYAMA)",1899-04-09,2000-04-09
1900,102,412,4,0,"NEWS-PAPER(ARASHIYAMA)",1900-04-12,2000-04-12
1901,102,412,4,0,"NEWS-PAPER(ARASHIYAMA)",1901-04-12,2000-04-12
1902,98,408,4,0,"KYOTO-TETUDO-KANRIKYOKU ADV(ARASHIYAMA)",1902-04-08,2000-04-08
1903,99,409,4,0,"NEWS-PAPER(ARASHIYAMA)",1903-04-09,2000-04-09
1904,108,417,4,0,"NEWS-PAPER(ARASHIYAMA)",1904-04-17,2000-04-17
1905,105,415,4,0,"NEWS-PAPER(ARASHIYAMA)",1905-04-15,2000-04-15
1906,105,415,4,0,"KYOTO-TETUDO-KANRIKYOKU ADV(ARASHIYAMA)",1906-04-15,2000-04-15
1907,103,413,4,0,"KYOTO-TETUDO-KANRIKYOKU ADV(ARASHIYAMA)",1907-04-13,2000-04-13
1908,102,411,4,0,"TETUDOUIN AVD(ARASHIYAMA)",1908-04-11,2000-04-11
1909,108,418,4,0,"TETUDOUIN AVD(ARASHIYAMA)",1909-04-18,2000-04-18
1910,104,414,4,0,"TETUDOUIN AVD(ARASHIYAMA)",1910-04-14,2000-04-14
1911,98,408,4,0,"ARASHIYAMA-TETSUDO ADV(ARASHIYAMA)",1911-04-08,2000-04-08
1912,105,414,4,0,"TETUDOUIN AVD(ARASHIYAMA)",1912-04-14,2000-04-14
1913,103,413,4,0,"SEIBU-TETSUDO-KANRIKYOKU ADV(ARASHIYAMA)",1913-04-13,2000-04-13
1914,102,412,4,0,"KOBE-TETSUDO-KANRIKYOKU ADV(ARASHIYAMA)",1914-04-12,2000-04-12
1915,102,412,4,0,"NEWS-PAPER(ARASHIYAMA)",1915-04-12,2000-04-12
1916,112,421,4,0,"SEIBU-TETSUDO-KANRIKYOKU ADV(ARASHIYAMA)",1916-04-21,2000-04-21
1917,103,413,4,0,"NEWS-PAPER(ARASHIYAMA)",1917-04-13,2000-04-13
1918,104,414,4,0,"SEKI-HAJIME-NIKKI",1918-04-14,2000-04-14
1919,NA,NA,NA,NA,"-",NA,NA
1920,104,413,4,0,"NEWS-PAPER(ARASHIYAMA)",1920-04-13,2000-04-13
1921,NA,NA,NA,NA,"-",NA,NA
1922,101,411,4,0,"KAJII-MOTOJIRO-SHOKAN",1922-04-11,2000-04-11
1923,97,407,4,0,"NEWS-PAPER(ARASHIYAMA)",1923-04-07,2000-04-07
1924,111,420,4,0,"MITAMURA-ENGYO-NIKKI(ARASHIYAMA)",1924-04-20,2000-04-20
1925,108,418,4,0,"KEIHAN RAILWAY ADV(ARASHIYAMA)",1925-04-18,2000-04-18
1926,108,418,4,0,"KEIHAN RAILWAY ADV(ARASHIYAMA)",1926-04-18,2000-04-18
1927,107,417,4,0,"KEIHAN RAILWAY ADV(ARASHIYAMA)",1927-04-17,2000-04-17
1928,107,416,4,0,"KEIHAN RAILWAY ADV(ARASHIYAMA)",1928-04-16,2000-04-16
1929,103,413,4,0,"SHIN-KEIHAN RAILWAY ADV(ARASHIYAMA)",1929-04-13,2000-04-13
1930,95,405,4,0,"SHIN-KEIHAN RAILWAY ADV(ARASHIYAMA)",1930-04-05,2000-04-05
1931,105,415,4,0,"NEWS-PAPER(ARASHIYAMA)",1931-04-15,2000-04-15
1932,105,414,4,0,"KEIHAN RAILWAY ADV(ARASHIYAMA)",1932-04-14,2000-04-14
1933,106,416,3,0,"NEWS-PAPER(ARASHIYAMA)",1933-04-16,2000-04-16
1934,104,414,4,0,"NEWS-PAPER(ARASHIYAMA)",1934-04-14,2000-04-14
1935,102,412,3,0,"NHK(ARASHIYAMA)",1935-04-12,2000-04-12
1936,111,420,3,0,"NHK(ARASHIYAMA)",1936-04-20,2000-04-20
1937,100,410,4,0,"NEWS-PAPER(ARASHIYAMA)",1937-04-10,2000-04-10
1938,98,408,4,0,"KEIHAN RAILWAY ADV(ARASHIYAMA)",1938-04-08,2000-04-08
1939,104,414,4,0,"KEIHAN RAILWAY ADV(ARASHIYAMA)",1939-04-14,2000-04-14
1940,110,419,4,0,"KEIHAN RAILWAY ADV(ARASHIYAMA)",1940-04-19,2000-04-19
1941,100,410,4,0,"KEIHAN RAILWAY ADV(ARASHIYAMA)",1941-04-10,2000-04-10
1942,96,406,7,0,"ASADA-TAKASHI-NIKKI",1942-04-06,2000-04-06
1943,101,411,7,0,"ASADA-TAKASHI-NIKKI",1943-04-11,2000-04-11
1944,100,409,7,0,"ASADA-TAKASHI-NIKKI",1944-04-09,2000-04-09
1945,NA,NA,NA,NA,"-",NA,NA
1946,97,407,4,0,"NEWS-PAPER(ARASHIYAMA)",1946-04-07,2000-04-07
1947,107,417,4,0,"NEWS-PAPER(ARASHIYAMA)",1947-04-17,2000-04-17
1948,102,411,4,0,"NEWS-PAPER(ARASHIYAMA)",1948-04-11,2000-04-11
1949,107,417,4,0,"NEWS-PAPER(ARASHIYAMA)",1949-04-17,2000-04-17
1950,99,409,4,0,"NEWS-PAPET(DAIGO-JI)",1950-04-09,2000-04-09
1951,98,408,4,0,"NEWS-PAPER(ARASHIYAMA)",1951-04-08,2000-04-08
1952,105,414,3,0,"NEWS-PAPER(ARASHIYAMA)",1952-04-14,2000-04-14
1953,101,411,3,0,"NEWS-PAPER(ARASHIYAMA)",1953-04-11,2000-04-11
1954,98,408,3,0,"NEWS-PAPER(ARASHIYAMA)",1954-04-08,2000-04-08
1955,97,407,3,0,"NEWS-PAPER(ARASHIYAMA)",1955-04-07,2000-04-07
1956,99,408,3,0,"NEWS-PAPER(ARASHIYAMA)",1956-04-08,2000-04-08
1957,103,413,3,0,"NEWS-PAPER(ARASHIYAMA)",1957-04-13,2000-04-13
1958,99,409,3,0,"NEWS-PAPER(ARASHIYAMA)",1958-04-09,2000-04-09
1959,92,402,3,0,"NEWS-PAPER(ARASHIYAMA)",1959-04-02,2000-04-02
1960,95,404,3,0,"NEWS-PAPER(ARASHIYAMA)",1960-04-04,2000-04-04
1961,99,409,3,0,"NEWS-PAPER(ARASHIYAMA)",1961-04-09,2000-04-09
1962,102,412,3,0,"NEWS-PAPER(ARASHIYAMA)",1962-04-12,2000-04-12
1963,101,411,3,0,"NEWS-PAPER(ARASHIYAMA)",1963-04-11,2000-04-11
1964,99,408,3,0,"NEWS-PAPER(ARASHIYAMA)",1964-04-08,2000-04-08
1965,110,420,3,0,"NEWS-PAPER(ARASHIYAMA)",1965-04-20,2000-04-20
1966,97,407,3,0,"NEWS-PAPER(ARASHIYAMA)",1966-04-07,2000-04-07
1967,97,407,3,0,"NEWS-PAPER(ARASHIYAMA)",1967-04-07,2000-04-07
1968,99,408,3,0,"NEWS-PAPER(ARASHIYAMA)",1968-04-08,2000-04-08
1969,101,411,3,0,"NEWS-PAPER(ARASHIYAMA)",1969-04-11,2000-04-11
1970,107,417,3,0,"NEWS-PAPER(ARASHIYAMA)",1970-04-17,2000-04-17
1971,98,408,3,0,"NEWS-PAPER(ARASHIYAMA)",1971-04-08,2000-04-08
1972,99,408,3,0,"NEWS-PAPER(ARASHIYAMA)",1972-04-08,2000-04-08
1973,97,407,3,0,"NEWS-PAPER(ARASHIYAMA)",1973-04-07,2000-04-07
1974,99,409,3,0,"NEWS-PAPER(ARASHIYAMA)",1974-04-09,2000-04-09
1975,100,410,3,0,"NEWS-PAPER(ARASHIYAMA)",1975-04-10,2000-04-10
1976,99,408,3,0,"NEWS-PAPER(ARASHIYAMA)",1976-04-08,2000-04-08
1977,93,403,3,0,"NEWS-PAPER(ARASHIYAMA)",1977-04-03,2000-04-03
1978,104,414,3,0,"NEWS-PAPER(ARASHIYAMA)",1978-04-14,2000-04-14
1979,97,407,3,0,"NEWS-PAPER(ARASHIYAMA)",1979-04-07,2000-04-07
1980,102,411,3,0,"NEWS-PAPER(ARASHIYAMA)",1980-04-11,2000-04-11
1981,99,409,3,0,"NEWS-PAPER(ARASHIYAMA)",1981-04-09,2000-04-09
1982,93,403,3,0,"NEWS-PAPER(ARASHIYAMA)",1982-04-03,2000-04-03
1983,99,409,3,0,"NEWS-PAPER(ARASHIYAMA)",1983-04-09,2000-04-09
1984,109,418,3,0,"NEWS-PAPER(ARASHIYAMA)",1984-04-18,2000-04-18
1985,99,409,3,0,"NEWS-PAPER(ARASHIYAMA)",1985-04-09,2000-04-09
1986,102,412,3,0,"NEWS-PAPER(ARASHIYAMA)",1986-04-12,2000-04-12
1987,95,405,3,0,"NEWS-PAPER(ARASHIYAMA)",1987-04-05,2000-04-05
1988,106,415,3,0,"NEWS-PAPER(ARASHIYAMA)",1988-04-15,2000-04-15
1989,93,403,3,0,"NEWS-PAPER(ARASHIYAMA)",1989-04-03,2000-04-03
1990,88,329,3,0,"NEWS-PAPER(ARASHIYAMA)",1990-03-29,2000-03-29
1991,97,407,4,0,"NEWS-PAPER(ARASHIYAMA)",1991-04-07,2000-04-07
1992,94,403,4,0,"NEWS-PAPER(ARASHIYAMA)",1992-04-03,2000-04-03
1993,97,407,4,0,"NEWS-PAPER(ARASHIYAMA)",1993-04-07,2000-04-07
1994,99,409,4,0,"NEWS-PAPER(ARASHIYAMA)",1994-04-09,2000-04-09
1995,99,409,4,0,"NEWS-PAPER(ARASHIYAMA)",1995-04-09,2000-04-09
1996,103,412,4,0,"NEWS-PAPER(ARASHIYAMA)",1996-04-12,2000-04-12
1997,97,407,4,0,"NEWS-PAPER(ARASHIYAMA)",1997-04-07,2000-04-07
1998,91,401,4,0,"NEWS-PAPER(ARASHIYAMA)",1998-04-01,2000-04-01
1999,94,404,4,0,"NEWS-PAPER(ARASHIYAMA)",1999-04-04,2000-04-04
2000,100,409,4,0,"NEWS-PAPER(ARASHIYAMA)",2000-04-09,2000-04-09
2001,96,406,4,0,"NEWS-PAPER(ARASHIYAMA)",2001-04-06,2000-04-06
2002,91,401,4,0,"NEWS-PAPER(ARASHIYAMA)",2002-04-01,2000-04-01
2003,98,408,4,0,"NEWS-PAPER(ARASHIYAMA)",2003-04-08,2000-04-08
2004,92,401,4,0,"NEWS-PAPER(ARASHIYAMA)",2004-04-01,2000-04-01
2005,99,409,4,0,"NEWS-PAPER(ARASHIYAMA)",2005-04-09,2000-04-09
2006,98,408,5,0,"NEWS-PAPER(ARASHIYAMA)",2006-04-08,2000-04-08
2007,97,407,5,0,"NEWS-PAPER(ARASHIYAMA)",2007-04-07,2000-04-07
2008,95,404,6,0,"NEWS-PAPER(ARASHIYAMA)",2008-04-04,2000-04-04
2009,95,405,6,0,"NEWS-PAPER(ARASHIYAMA)",2009-04-05,2000-04-05
2010,95,405,7,0,"NEWS-PAPER(ARASHIYAMA)",2010-04-05,2000-04-05
2011,99,409,8,0,"NEWS-PAPER(ARASHIYAMA)",2011-04-09,2000-04-09
2012,101,410,8,0,"NEWS-PAPER(ARASHIYAMA)",2012-04-10,2000-04-10
2013,93,403,8,0,"NEWS-PAPER(ARASHIYAMA)",2013-04-03,2000-04-03
2014,94,404,8,0,"NEWS-PAPER(ARASHIYAMA)",2014-04-04,2000-04-04
2015,93,403,8,0,"NEWS-PAPER(ARASHIYAMA)",2015-04-03,2000-04-03
